universe,vol_sleeve,quality_sleeve,full_correlation,avg_rolling_252d_correlation,crisis_correlation
sp100_sample,vol_top_10,quality_sector_balanced_top_30,0.8770155230350072,0.8409294352633253,0.9223799828638539
sp100_sample,vol_top_10,quality_sector_balanced_top_50,0.9062115516557614,0.884289605097846,0.9345555429915736
sp100_sample,vol_top_20,quality_sector_balanced_top_30,0.9472625604249769,0.9251951745652587,0.9729280559604804
sp100_sample,vol_top_20,quality_sector_balanced_top_50,0.9669799771202385,0.9567015881602948,0.9795578871715531
sp500_dynamic,vol_top_10,quality_sector_balanced_top_30,0.633303114151627,0.6118460037862127,0.7277734917425833
sp500_dynamic,vol_top_10,quality_sector_balanced_top_50,0.6516856098251252,0.6321430147838142,0.7372702942021275
sp500_dynamic,vol_top_20,quality_sector_balanced_top_30,0.6882445739967258,0.6654428027528461,0.7900291687906723
sp500_dynamic,vol_top_20,quality_sector_balanced_top_50,0.7075182475929135,0.6880727945625786,0.7984724957742356
