universe,benchmark,cagr,sharpe,max_dd,volatility
sp100_sample,spy_buy_hold,0.11144632660048526,0.5608854060492096,-0.5187377367045919,0.19869714098196284
sp100_sample,equal_weight_universe_daily,0.1620338781084798,0.830179574521921,-0.4318043602887731,0.19517931189982712
