policy,sharpe,cagr,max_dd,avg_equity_frac,sharpe_median,sharpe_p75
B.5 locked,1.2700663337917146,0.20689367461730668,-0.3298129817591118,,,
RL no-op,1.0578425187131606,0.17946435819952744,-0.29281704129174324,1.0,,
Rule-based controller,1.0834536184884893,0.18247667108687504,-0.30077241216964357,0.6958333377260716,,
Trained Phase E RL,1.2752791572889444,0.16858189989599626,-0.21728768002084287,0.3646713718851138,,
Random bounded (50 seeds),1.2177708320829868,0.18458809435553733,-0.2590059599776262,,1.2059407187045692,1.2792790710975575
