policy,sharpe,cagr,max_dd,avg_equity_frac,sharpe_median,sharpe_p75
B.5 locked,1.2700663337917146,0.20689367461730668,-0.3298129817591118,,,
RL no-op,,,,,,
Rule-based controller,,,,,,
Trained Phase E RL,1.295667846462091,0.17794549527636705,-0.24476707898072758,0.4062603242262061,,
Random bounded (50 seeds),,,,,,
