regime,B.5 locked Sharpe,B.5 locked MaxDD,RL no-op Sharpe,RL no-op MaxDD,Trained RL Sharpe,Trained RL MaxDD
2019 bull market,2.6490983405484223,-0.05700638747711795,1.9039397683946369,-0.0791811178649866,3.188777403861913,-0.05461408776960919
2020 COVID crash,0.43531082627134776,-0.3298129817591118,0.7619911254127432,-0.2928170412917428,0.5779959480224963,-0.24535816822226486
2021 recovery,2.4201433495965192,-0.0657093036007651,2.3187068143249254,-0.06992085184457841,1.593356584250684,-0.06914401930186842
2022 bear market,-0.7278393653388834,-0.17112401201607153,-0.83239052365758,-0.20692891763123178,-0.6463037900327311,-0.13354259091665255
2023–2026 recovery,2.4733190628164508,-0.10553672426054506,2.084170742218202,-0.10550409778025516,2.297593058328977,-0.09122687132390817
