2026-05-01 11:34:58,633 INFO Thread strategy: Phase 1 n_jobs=-1 (no model) | sequential phases 32 LGBM threads
2026-05-01 11:34:58,633 INFO Loading inputs for config/universes/sp500.yaml...
2026-05-01 11:35:09,410 INFO StockFeatureGenerator: 32 features, 520 tickers, 5112 dates
2026-05-01 11:35:13,526 INFO Inputs loaded in 14.9s. Validation end: 2026-04-24
2026-05-01 11:35:13,580 INFO === Phase 1: Standalone per-feature IC ===
2026-05-01 11:35:17,761 INFO Computing standalone IC for 33 features across 239 dates (n_jobs=32)...
2026-05-01 11:35:25,774 INFO Standalone IC done in 8.0s
2026-05-01 11:35:26,118 INFO Feature IC CSVs saved.
2026-05-01 11:35:26,118 INFO Top 5 features by holdout IC Sharpe:
2026-05-01 11:35:26,119 INFO   beta_to_spy_63d: mean_ic=0.0495, ic_sharpe=1.7883, sign_stab=0.553
2026-05-01 11:35:26,119 INFO   downside_vol_63d: mean_ic=0.0435, ic_sharpe=1.7823, sign_stab=0.532
2026-05-01 11:35:26,119 INFO   volatility_21d: mean_ic=0.0405, ic_sharpe=1.7621, sign_stab=0.553
2026-05-01 11:35:26,119 INFO   volatility_63d: mean_ic=0.0448, ic_sharpe=1.7574, sign_stab=0.521
2026-05-01 11:35:26,119 INFO   vol_score_composite: mean_ic=0.0458, ic_sharpe=1.6682, sign_stab=0.521
2026-05-01 11:35:26,119 INFO Bottom 5 features by holdout IC Sharpe:
2026-05-01 11:35:26,119 INFO   rsi_proxy: mean_ic=-0.0112, ic_sharpe=-0.6682, sign_stab=0.447
2026-05-01 11:35:26,119 INFO   ret_1w: mean_ic=-0.0138, ic_sharpe=-0.7586, sign_stab=0.457
2026-05-01 11:35:26,119 INFO   price_to_52w_high: mean_ic=-0.0197, ic_sharpe=-0.8022, sign_stab=0.511
2026-05-01 11:35:26,120 INFO   ret_2w: mean_ic=-0.0209, ic_sharpe=-1.1229, sign_stab=0.479
2026-05-01 11:35:26,120 INFO   max_drawdown_63d: mean_ic=-0.0339, ic_sharpe=-1.4049, sign_stab=0.468
2026-05-01 11:35:26,120 INFO === Phase 2: Anti-predictive feature identification ===
2026-05-01 11:35:26,120 INFO Anti-predictive features (18): ['ret_6m_ex_1m', 'ret_zscore_21d', 'sector_rel_momentum_3m', 'gap_overnight', 'mom_stability_3m', 'ret_3m_ex_1w', 'ret_1m', 'overextension_20dma', 'ret_3m_adj', 'ret_3m', 'relative_strength_vs_spy_63d', 'pct_pos_months_6m', 'above_50dma', 'rsi_proxy', 'ret_1w', 'price_to_52w_high', 'ret_2w', 'max_drawdown_63d']
2026-05-01 11:35:26,122 INFO Anti-predictive features saved.
2026-05-01 11:35:26,124 INFO Positive holdout IC features (14): ['beta_to_spy_63d', 'downside_vol_63d', 'volatility_21d', 'volatility_63d', 'liquidity_rank', 'avg_dollar_volume_63d', 'ret_12m_ex_1m', 'ret_12m', 'sector_rel_momentum_6m', 'trend_consistency', 'ma_50_200_ratio', 'above_200dma', 'ret_6m_adj', 'ret_6m']
2026-05-01 11:35:26,124 INFO === Phase 3: Walk-forward IC by feature subset (32 LGBM threads) ===
2026-05-01 11:35:26,223 INFO   [1/7] vol_score_standalone (no model)...
2026-05-01 11:35:30,972 INFO     IC Sharpe=1.6682 (4.7s)
2026-05-01 11:35:30,972 INFO   [2/7] vol_features_lgbm (4 features)...
/home/shivamguptanit/github/us-rl-portfolio/.venv/lib/python3.12/site-packages/sklearn/utils/validation.py:2691: UserWarning: X does not have valid feature names, but LGBMRegressor was fitted with feature names
  warnings.warn(
/home/shivamguptanit/github/us-rl-portfolio/.venv/lib/python3.12/site-packages/sklearn/utils/validation.py:2691: UserWarning: X does not have valid feature names, but LGBMRegressor was fitted with feature names
  warnings.warn(
/home/shivamguptanit/github/us-rl-portfolio/.venv/lib/python3.12/site-packages/sklearn/utils/validation.py:2691: UserWarning: X does not have valid feature names, but LGBMRegressor was fitted with feature names
  warnings.warn(
/home/shivamguptanit/github/us-rl-portfolio/.venv/lib/python3.12/site-packages/sklearn/utils/validation.py:2691: UserWarning: X does not have valid feature names, but LGBMRegressor was fitted with feature names
  warnings.warn(
/home/shivamguptanit/github/us-rl-portfolio/.venv/lib/python3.12/site-packages/sklearn/utils/validation.py:2691: UserWarning: X does not have valid feature names, but LGBMRegressor was fitted with feature names
  warnings.warn(
/home/shivamguptanit/github/us-rl-portfolio/.venv/lib/python3.12/site-packages/sklearn/utils/validation.py:2691: UserWarning: X does not have valid feature names, but LGBMRegressor was fitted with feature names
  warnings.warn(
/home/shivamguptanit/github/us-rl-portfolio/.venv/lib/python3.12/site-packages/sklearn/utils/validation.py:2691: UserWarning: X does not have valid feature names, but LGBMRegressor was fitted with feature names
  warnings.warn(
/home/shivamguptanit/github/us-rl-portfolio/.venv/lib/python3.12/site-packages/sklearn/utils/validation.py:2691: UserWarning: X does not have valid feature names, but LGBMRegressor was fitted with feature names
  warnings.warn(
/home/shivamguptanit/github/us-rl-portfolio/.venv/lib/python3.12/site-packages/sklearn/utils/validation.py:2691: UserWarning: X does not have valid feature names, but LGBMRegressor was fitted with feature names
  warnings.warn(
/home/shivamguptanit/github/us-rl-portfolio/.venv/lib/python3.12/site-packages/sklearn/utils/validation.py:2691: UserWarning: X does not have valid feature names, but LGBMRegressor was fitted with feature names
  warnings.warn(
/home/shivamguptanit/github/us-rl-portfolio/.venv/lib/python3.12/site-packages/sklearn/utils/validation.py:2691: UserWarning: X does not have valid feature names, but LGBMRegressor was fitted with feature names
  warnings.warn(
/home/shivamguptanit/github/us-rl-portfolio/.venv/lib/python3.12/site-packages/sklearn/utils/validation.py:2691: UserWarning: X does not have valid feature names, but LGBMRegressor was fitted with feature names
  warnings.warn(
/home/shivamguptanit/github/us-rl-portfolio/.venv/lib/python3.12/site-packages/sklearn/utils/validation.py:2691: UserWarning: X does not have valid feature names, but LGBMRegressor was fitted with feature names
  warnings.warn(
/home/shivamguptanit/github/us-rl-portfolio/.venv/lib/python3.12/site-packages/sklearn/utils/validation.py:2691: UserWarning: X does not have valid feature names, but LGBMRegressor was fitted with feature names
  warnings.warn(
/home/shivamguptanit/github/us-rl-portfolio/.venv/lib/python3.12/site-packages/sklearn/utils/validation.py:2691: UserWarning: X does not have valid feature names, but LGBMRegressor was fitted with feature names
  warnings.warn(
/home/shivamguptanit/github/us-rl-portfolio/.venv/lib/python3.12/site-packages/sklearn/utils/validation.py:2691: UserWarning: X does not have valid feature names, but LGBMRegressor was fitted with feature names
  warnings.warn(
/home/shivamguptanit/github/us-rl-portfolio/.venv/lib/python3.12/site-packages/sklearn/utils/validation.py:2691: UserWarning: X does not have valid feature names, but LGBMRegressor was fitted with feature names
  warnings.warn(
/home/shivamguptanit/github/us-rl-portfolio/.venv/lib/python3.12/site-packages/sklearn/utils/validation.py:2691: UserWarning: X does not have valid feature names, but LGBMRegressor was fitted with feature names
  warnings.warn(
/home/shivamguptanit/github/us-rl-portfolio/.venv/lib/python3.12/site-packages/sklearn/utils/validation.py:2691: UserWarning: X does not have valid feature names, but LGBMRegressor was fitted with feature names
  warnings.warn(
/home/shivamguptanit/github/us-rl-portfolio/.venv/lib/python3.12/site-packages/sklearn/utils/validation.py:2691: UserWarning: X does not have valid feature names, but LGBMRegressor was fitted with feature names
  warnings.warn(
/home/shivamguptanit/github/us-rl-portfolio/.venv/lib/python3.12/site-packages/sklearn/utils/validation.py:2691: UserWarning: X does not have valid feature names, but LGBMRegressor was fitted with feature names
  warnings.warn(
/home/shivamguptanit/github/us-rl-portfolio/.venv/lib/python3.12/site-packages/sklearn/utils/validation.py:2691: UserWarning: X does not have valid feature names, but LGBMRegressor was fitted with feature names
  warnings.warn(
/home/shivamguptanit/github/us-rl-portfolio/.venv/lib/python3.12/site-packages/sklearn/utils/validation.py:2691: UserWarning: X does not have valid feature names, but LGBMRegressor was fitted with feature names
  warnings.warn(
/home/shivamguptanit/github/us-rl-portfolio/.venv/lib/python3.12/site-packages/sklearn/utils/validation.py:2691: UserWarning: X does not have valid feature names, but LGBMRegressor was fitted with feature names
  warnings.warn(
/home/shivamguptanit/github/us-rl-portfolio/.venv/lib/python3.12/site-packages/sklearn/utils/validation.py:2691: UserWarning: X does not have valid feature names, but LGBMRegressor was fitted with feature names
  warnings.warn(
/home/shivamguptanit/github/us-rl-portfolio/.venv/lib/python3.12/site-packages/sklearn/utils/validation.py:2691: UserWarning: X does not have valid feature names, but LGBMRegressor was fitted with feature names
  warnings.warn(
/home/shivamguptanit/github/us-rl-portfolio/.venv/lib/python3.12/site-packages/sklearn/utils/validation.py:2691: UserWarning: X does not have valid feature names, but LGBMRegressor was fitted with feature names
  warnings.warn(
/home/shivamguptanit/github/us-rl-portfolio/.venv/lib/python3.12/site-packages/sklearn/utils/validation.py:2691: UserWarning: X does not have valid feature names, but LGBMRegressor was fitted with feature names
  warnings.warn(
/home/shivamguptanit/github/us-rl-portfolio/.venv/lib/python3.12/site-packages/sklearn/utils/validation.py:2691: UserWarning: X does not have valid feature names, but LGBMRegressor was fitted with feature names
  warnings.warn(
/home/shivamguptanit/github/us-rl-portfolio/.venv/lib/python3.12/site-packages/sklearn/utils/validation.py:2691: UserWarning: X does not have valid feature names, but LGBMRegressor was fitted with feature names
  warnings.warn(
/home/shivamguptanit/github/us-rl-portfolio/.venv/lib/python3.12/site-packages/sklearn/utils/validation.py:2691: UserWarning: X does not have valid feature names, but LGBMRegressor was fitted with feature names
  warnings.warn(
/home/shivamguptanit/github/us-rl-portfolio/.venv/lib/python3.12/site-packages/sklearn/utils/validation.py:2691: UserWarning: X does not have valid feature names, but LGBMRegressor was fitted with feature names
  warnings.warn(
/home/shivamguptanit/github/us-rl-portfolio/.venv/lib/python3.12/site-packages/sklearn/utils/validation.py:2691: UserWarning: X does not have valid feature names, but LGBMRegressor was fitted with feature names
  warnings.warn(
/home/shivamguptanit/github/us-rl-portfolio/.venv/lib/python3.12/site-packages/sklearn/utils/validation.py:2691: UserWarning: X does not have valid feature names, but LGBMRegressor was fitted with feature names
  warnings.warn(
/home/shivamguptanit/github/us-rl-portfolio/.venv/lib/python3.12/site-packages/sklearn/utils/validation.py:2691: UserWarning: X does not have valid feature names, but LGBMRegressor was fitted with feature names
  warnings.warn(
/home/shivamguptanit/github/us-rl-portfolio/.venv/lib/python3.12/site-packages/sklearn/utils/validation.py:2691: UserWarning: X does not have valid feature names, but LGBMRegressor was fitted with feature names
  warnings.warn(
/home/shivamguptanit/github/us-rl-portfolio/.venv/lib/python3.12/site-packages/sklearn/utils/validation.py:2691: UserWarning: X does not have valid feature names, but LGBMRegressor was fitted with feature names
  warnings.warn(
/home/shivamguptanit/github/us-rl-portfolio/.venv/lib/python3.12/site-packages/sklearn/utils/validation.py:2691: UserWarning: X does not have valid feature names, but LGBMRegressor was fitted with feature names
  warnings.warn(
/home/shivamguptanit/github/us-rl-portfolio/.venv/lib/python3.12/site-packages/sklearn/utils/validation.py:2691: UserWarning: X does not have valid feature names, but LGBMRegressor was fitted with feature names
  warnings.warn(
/home/shivamguptanit/github/us-rl-portfolio/.venv/lib/python3.12/site-packages/sklearn/utils/validation.py:2691: UserWarning: X does not have valid feature names, but LGBMRegressor was fitted with feature names
  warnings.warn(
/home/shivamguptanit/github/us-rl-portfolio/.venv/lib/python3.12/site-packages/sklearn/utils/validation.py:2691: UserWarning: X does not have valid feature names, but LGBMRegressor was fitted with feature names
  warnings.warn(
/home/shivamguptanit/github/us-rl-portfolio/.venv/lib/python3.12/site-packages/sklearn/utils/validation.py:2691: UserWarning: X does not have valid feature names, but LGBMRegressor was fitted with feature names
  warnings.warn(
/home/shivamguptanit/github/us-rl-portfolio/.venv/lib/python3.12/site-packages/sklearn/utils/validation.py:2691: UserWarning: X does not have valid feature names, but LGBMRegressor was fitted with feature names
  warnings.warn(
/home/shivamguptanit/github/us-rl-portfolio/.venv/lib/python3.12/site-packages/sklearn/utils/validation.py:2691: UserWarning: X does not have valid feature names, but LGBMRegressor was fitted with feature names
  warnings.warn(
/home/shivamguptanit/github/us-rl-portfolio/.venv/lib/python3.12/site-packages/sklearn/utils/validation.py:2691: UserWarning: X does not have valid feature names, but LGBMRegressor was fitted with feature names
  warnings.warn(
/home/shivamguptanit/github/us-rl-portfolio/.venv/lib/python3.12/site-packages/sklearn/utils/validation.py:2691: UserWarning: X does not have valid feature names, but LGBMRegressor was fitted with feature names
  warnings.warn(
/home/shivamguptanit/github/us-rl-portfolio/.venv/lib/python3.12/site-packages/sklearn/utils/validation.py:2691: UserWarning: X does not have valid feature names, but LGBMRegressor was fitted with feature names
  warnings.warn(
/home/shivamguptanit/github/us-rl-portfolio/.venv/lib/python3.12/site-packages/sklearn/utils/validation.py:2691: UserWarning: X does not have valid feature names, but LGBMRegressor was fitted with feature names
  warnings.warn(
/home/shivamguptanit/github/us-rl-portfolio/.venv/lib/python3.12/site-packages/sklearn/utils/validation.py:2691: UserWarning: X does not have valid feature names, but LGBMRegressor was fitted with feature names
  warnings.warn(
/home/shivamguptanit/github/us-rl-portfolio/.venv/lib/python3.12/site-packages/sklearn/utils/validation.py:2691: UserWarning: X does not have valid feature names, but LGBMRegressor was fitted with feature names
  warnings.warn(
/home/shivamguptanit/github/us-rl-portfolio/.venv/lib/python3.12/site-packages/sklearn/utils/validation.py:2691: UserWarning: X does not have valid feature names, but LGBMRegressor was fitted with feature names
  warnings.warn(
/home/shivamguptanit/github/us-rl-portfolio/.venv/lib/python3.12/site-packages/sklearn/utils/validation.py:2691: UserWarning: X does not have valid feature names, but LGBMRegressor was fitted with feature names
  warnings.warn(
/home/shivamguptanit/github/us-rl-portfolio/.venv/lib/python3.12/site-packages/sklearn/utils/validation.py:2691: UserWarning: X does not have valid feature names, but LGBMRegressor was fitted with feature names
  warnings.warn(
/home/shivamguptanit/github/us-rl-portfolio/.venv/lib/python3.12/site-packages/sklearn/utils/validation.py:2691: UserWarning: X does not have valid feature names, but LGBMRegressor was fitted with feature names
  warnings.warn(
/home/shivamguptanit/github/us-rl-portfolio/.venv/lib/python3.12/site-packages/sklearn/utils/validation.py:2691: UserWarning: X does not have valid feature names, but LGBMRegressor was fitted with feature names
  warnings.warn(
/home/shivamguptanit/github/us-rl-portfolio/.venv/lib/python3.12/site-packages/sklearn/utils/validation.py:2691: UserWarning: X does not have valid feature names, but LGBMRegressor was fitted with feature names
  warnings.warn(
/home/shivamguptanit/github/us-rl-portfolio/.venv/lib/python3.12/site-packages/sklearn/utils/validation.py:2691: UserWarning: X does not have valid feature names, but LGBMRegressor was fitted with feature names
  warnings.warn(
/home/shivamguptanit/github/us-rl-portfolio/.venv/lib/python3.12/site-packages/sklearn/utils/validation.py:2691: UserWarning: X does not have valid feature names, but LGBMRegressor was fitted with feature names
  warnings.warn(
/home/shivamguptanit/github/us-rl-portfolio/.venv/lib/python3.12/site-packages/sklearn/utils/validation.py:2691: UserWarning: X does not have valid feature names, but LGBMRegressor was fitted with feature names
  warnings.warn(
/home/shivamguptanit/github/us-rl-portfolio/.venv/lib/python3.12/site-packages/sklearn/utils/validation.py:2691: UserWarning: X does not have valid feature names, but LGBMRegressor was fitted with feature names
  warnings.warn(
/home/shivamguptanit/github/us-rl-portfolio/.venv/lib/python3.12/site-packages/sklearn/utils/validation.py:2691: UserWarning: X does not have valid feature names, but LGBMRegressor was fitted with feature names
  warnings.warn(
/home/shivamguptanit/github/us-rl-portfolio/.venv/lib/python3.12/site-packages/sklearn/utils/validation.py:2691: UserWarning: X does not have valid feature names, but LGBMRegressor was fitted with feature names
  warnings.warn(
/home/shivamguptanit/github/us-rl-portfolio/.venv/lib/python3.12/site-packages/sklearn/utils/validation.py:2691: UserWarning: X does not have valid feature names, but LGBMRegressor was fitted with feature names
  warnings.warn(
/home/shivamguptanit/github/us-rl-portfolio/.venv/lib/python3.12/site-packages/sklearn/utils/validation.py:2691: UserWarning: X does not have valid feature names, but LGBMRegressor was fitted with feature names
  warnings.warn(
/home/shivamguptanit/github/us-rl-portfolio/.venv/lib/python3.12/site-packages/sklearn/utils/validation.py:2691: UserWarning: X does not have valid feature names, but LGBMRegressor was fitted with feature names
  warnings.warn(
/home/shivamguptanit/github/us-rl-portfolio/.venv/lib/python3.12/site-packages/sklearn/utils/validation.py:2691: UserWarning: X does not have valid feature names, but LGBMRegressor was fitted with feature names
  warnings.warn(
/home/shivamguptanit/github/us-rl-portfolio/.venv/lib/python3.12/site-packages/sklearn/utils/validation.py:2691: UserWarning: X does not have valid feature names, but LGBMRegressor was fitted with feature names
  warnings.warn(
/home/shivamguptanit/github/us-rl-portfolio/.venv/lib/python3.12/site-packages/sklearn/utils/validation.py:2691: UserWarning: X does not have valid feature names, but LGBMRegressor was fitted with feature names
  warnings.warn(
/home/shivamguptanit/github/us-rl-portfolio/.venv/lib/python3.12/site-packages/sklearn/utils/validation.py:2691: UserWarning: X does not have valid feature names, but LGBMRegressor was fitted with feature names
  warnings.warn(
/home/shivamguptanit/github/us-rl-portfolio/.venv/lib/python3.12/site-packages/sklearn/utils/validation.py:2691: UserWarning: X does not have valid feature names, but LGBMRegressor was fitted with feature names
  warnings.warn(
/home/shivamguptanit/github/us-rl-portfolio/.venv/lib/python3.12/site-packages/sklearn/utils/validation.py:2691: UserWarning: X does not have valid feature names, but LGBMRegressor was fitted with feature names
  warnings.warn(
/home/shivamguptanit/github/us-rl-portfolio/.venv/lib/python3.12/site-packages/sklearn/utils/validation.py:2691: UserWarning: X does not have valid feature names, but LGBMRegressor was fitted with feature names
  warnings.warn(
/home/shivamguptanit/github/us-rl-portfolio/.venv/lib/python3.12/site-packages/sklearn/utils/validation.py:2691: UserWarning: X does not have valid feature names, but LGBMRegressor was fitted with feature names
  warnings.warn(
/home/shivamguptanit/github/us-rl-portfolio/.venv/lib/python3.12/site-packages/sklearn/utils/validation.py:2691: UserWarning: X does not have valid feature names, but LGBMRegressor was fitted with feature names
  warnings.warn(
/home/shivamguptanit/github/us-rl-portfolio/.venv/lib/python3.12/site-packages/sklearn/utils/validation.py:2691: UserWarning: X does not have valid feature names, but LGBMRegressor was fitted with feature names
  warnings.warn(
/home/shivamguptanit/github/us-rl-portfolio/.venv/lib/python3.12/site-packages/sklearn/utils/validation.py:2691: UserWarning: X does not have valid feature names, but LGBMRegressor was fitted with feature names
  warnings.warn(
/home/shivamguptanit/github/us-rl-portfolio/.venv/lib/python3.12/site-packages/sklearn/utils/validation.py:2691: UserWarning: X does not have valid feature names, but LGBMRegressor was fitted with feature names
  warnings.warn(
/home/shivamguptanit/github/us-rl-portfolio/.venv/lib/python3.12/site-packages/sklearn/utils/validation.py:2691: UserWarning: X does not have valid feature names, but LGBMRegressor was fitted with feature names
  warnings.warn(
/home/shivamguptanit/github/us-rl-portfolio/.venv/lib/python3.12/site-packages/sklearn/utils/validation.py:2691: UserWarning: X does not have valid feature names, but LGBMRegressor was fitted with feature names
  warnings.warn(
/home/shivamguptanit/github/us-rl-portfolio/.venv/lib/python3.12/site-packages/sklearn/utils/validation.py:2691: UserWarning: X does not have valid feature names, but LGBMRegressor was fitted with feature names
  warnings.warn(
/home/shivamguptanit/github/us-rl-portfolio/.venv/lib/python3.12/site-packages/sklearn/utils/validation.py:2691: UserWarning: X does not have valid feature names, but LGBMRegressor was fitted with feature names
  warnings.warn(
/home/shivamguptanit/github/us-rl-portfolio/.venv/lib/python3.12/site-packages/sklearn/utils/validation.py:2691: UserWarning: X does not have valid feature names, but LGBMRegressor was fitted with feature names
  warnings.warn(
/home/shivamguptanit/github/us-rl-portfolio/.venv/lib/python3.12/site-packages/sklearn/utils/validation.py:2691: UserWarning: X does not have valid feature names, but LGBMRegressor was fitted with feature names
  warnings.warn(
/home/shivamguptanit/github/us-rl-portfolio/.venv/lib/python3.12/site-packages/sklearn/utils/validation.py:2691: UserWarning: X does not have valid feature names, but LGBMRegressor was fitted with feature names
  warnings.warn(
/home/shivamguptanit/github/us-rl-portfolio/.venv/lib/python3.12/site-packages/sklearn/utils/validation.py:2691: UserWarning: X does not have valid feature names, but LGBMRegressor was fitted with feature names
  warnings.warn(
/home/shivamguptanit/github/us-rl-portfolio/.venv/lib/python3.12/site-packages/sklearn/utils/validation.py:2691: UserWarning: X does not have valid feature names, but LGBMRegressor was fitted with feature names
  warnings.warn(
/home/shivamguptanit/github/us-rl-portfolio/.venv/lib/python3.12/site-packages/sklearn/utils/validation.py:2691: UserWarning: X does not have valid feature names, but LGBMRegressor was fitted with feature names
  warnings.warn(
/home/shivamguptanit/github/us-rl-portfolio/.venv/lib/python3.12/site-packages/sklearn/utils/validation.py:2691: UserWarning: X does not have valid feature names, but LGBMRegressor was fitted with feature names
  warnings.warn(
/home/shivamguptanit/github/us-rl-portfolio/.venv/lib/python3.12/site-packages/sklearn/utils/validation.py:2691: UserWarning: X does not have valid feature names, but LGBMRegressor was fitted with feature names
  warnings.warn(
/home/shivamguptanit/github/us-rl-portfolio/.venv/lib/python3.12/site-packages/sklearn/utils/validation.py:2691: UserWarning: X does not have valid feature names, but LGBMRegressor was fitted with feature names
  warnings.warn(
/home/shivamguptanit/github/us-rl-portfolio/.venv/lib/python3.12/site-packages/sklearn/utils/validation.py:2691: UserWarning: X does not have valid feature names, but LGBMRegressor was fitted with feature names
  warnings.warn(
/home/shivamguptanit/github/us-rl-portfolio/.venv/lib/python3.12/site-packages/sklearn/utils/validation.py:2691: UserWarning: X does not have valid feature names, but LGBMRegressor was fitted with feature names
  warnings.warn(
/home/shivamguptanit/github/us-rl-portfolio/.venv/lib/python3.12/site-packages/sklearn/utils/validation.py:2691: UserWarning: X does not have valid feature names, but LGBMRegressor was fitted with feature names
  warnings.warn(
/home/shivamguptanit/github/us-rl-portfolio/.venv/lib/python3.12/site-packages/sklearn/utils/validation.py:2691: UserWarning: X does not have valid feature names, but LGBMRegressor was fitted with feature names
  warnings.warn(
/home/shivamguptanit/github/us-rl-portfolio/.venv/lib/python3.12/site-packages/sklearn/utils/validation.py:2691: UserWarning: X does not have valid feature names, but LGBMRegressor was fitted with feature names
  warnings.warn(
2026-05-01 11:36:15,844 INFO     IC Sharpe=1.1960 (44.9s)
2026-05-01 11:36:15,845 INFO   [3/7] momentum_core (6 features)...
/home/shivamguptanit/github/us-rl-portfolio/.venv/lib/python3.12/site-packages/sklearn/utils/validation.py:2691: UserWarning: X does not have valid feature names, but LGBMRegressor was fitted with feature names
  warnings.warn(
/home/shivamguptanit/github/us-rl-portfolio/.venv/lib/python3.12/site-packages/sklearn/utils/validation.py:2691: UserWarning: X does not have valid feature names, but LGBMRegressor was fitted with feature names
  warnings.warn(
/home/shivamguptanit/github/us-rl-portfolio/.venv/lib/python3.12/site-packages/sklearn/utils/validation.py:2691: UserWarning: X does not have valid feature names, but LGBMRegressor was fitted with feature names
  warnings.warn(
/home/shivamguptanit/github/us-rl-portfolio/.venv/lib/python3.12/site-packages/sklearn/utils/validation.py:2691: UserWarning: X does not have valid feature names, but LGBMRegressor was fitted with feature names
  warnings.warn(
/home/shivamguptanit/github/us-rl-portfolio/.venv/lib/python3.12/site-packages/sklearn/utils/validation.py:2691: UserWarning: X does not have valid feature names, but LGBMRegressor was fitted with feature names
  warnings.warn(
/home/shivamguptanit/github/us-rl-portfolio/.venv/lib/python3.12/site-packages/sklearn/utils/validation.py:2691: UserWarning: X does not have valid feature names, but LGBMRegressor was fitted with feature names
  warnings.warn(
/home/shivamguptanit/github/us-rl-portfolio/.venv/lib/python3.12/site-packages/sklearn/utils/validation.py:2691: UserWarning: X does not have valid feature names, but LGBMRegressor was fitted with feature names
  warnings.warn(
/home/shivamguptanit/github/us-rl-portfolio/.venv/lib/python3.12/site-packages/sklearn/utils/validation.py:2691: UserWarning: X does not have valid feature names, but LGBMRegressor was fitted with feature names
  warnings.warn(
/home/shivamguptanit/github/us-rl-portfolio/.venv/lib/python3.12/site-packages/sklearn/utils/validation.py:2691: UserWarning: X does not have valid feature names, but LGBMRegressor was fitted with feature names
  warnings.warn(
/home/shivamguptanit/github/us-rl-portfolio/.venv/lib/python3.12/site-packages/sklearn/utils/validation.py:2691: UserWarning: X does not have valid feature names, but LGBMRegressor was fitted with feature names
  warnings.warn(
/home/shivamguptanit/github/us-rl-portfolio/.venv/lib/python3.12/site-packages/sklearn/utils/validation.py:2691: UserWarning: X does not have valid feature names, but LGBMRegressor was fitted with feature names
  warnings.warn(
/home/shivamguptanit/github/us-rl-portfolio/.venv/lib/python3.12/site-packages/sklearn/utils/validation.py:2691: UserWarning: X does not have valid feature names, but LGBMRegressor was fitted with feature names
  warnings.warn(
/home/shivamguptanit/github/us-rl-portfolio/.venv/lib/python3.12/site-packages/sklearn/utils/validation.py:2691: UserWarning: X does not have valid feature names, but LGBMRegressor was fitted with feature names
  warnings.warn(
/home/shivamguptanit/github/us-rl-portfolio/.venv/lib/python3.12/site-packages/sklearn/utils/validation.py:2691: UserWarning: X does not have valid feature names, but LGBMRegressor was fitted with feature names
  warnings.warn(
/home/shivamguptanit/github/us-rl-portfolio/.venv/lib/python3.12/site-packages/sklearn/utils/validation.py:2691: UserWarning: X does not have valid feature names, but LGBMRegressor was fitted with feature names
  warnings.warn(
/home/shivamguptanit/github/us-rl-portfolio/.venv/lib/python3.12/site-packages/sklearn/utils/validation.py:2691: UserWarning: X does not have valid feature names, but LGBMRegressor was fitted with feature names
  warnings.warn(
/home/shivamguptanit/github/us-rl-portfolio/.venv/lib/python3.12/site-packages/sklearn/utils/validation.py:2691: UserWarning: X does not have valid feature names, but LGBMRegressor was fitted with feature names
  warnings.warn(
/home/shivamguptanit/github/us-rl-portfolio/.venv/lib/python3.12/site-packages/sklearn/utils/validation.py:2691: UserWarning: X does not have valid feature names, but LGBMRegressor was fitted with feature names
  warnings.warn(
/home/shivamguptanit/github/us-rl-portfolio/.venv/lib/python3.12/site-packages/sklearn/utils/validation.py:2691: UserWarning: X does not have valid feature names, but LGBMRegressor was fitted with feature names
  warnings.warn(
/home/shivamguptanit/github/us-rl-portfolio/.venv/lib/python3.12/site-packages/sklearn/utils/validation.py:2691: UserWarning: X does not have valid feature names, but LGBMRegressor was fitted with feature names
  warnings.warn(
/home/shivamguptanit/github/us-rl-portfolio/.venv/lib/python3.12/site-packages/sklearn/utils/validation.py:2691: UserWarning: X does not have valid feature names, but LGBMRegressor was fitted with feature names
  warnings.warn(
/home/shivamguptanit/github/us-rl-portfolio/.venv/lib/python3.12/site-packages/sklearn/utils/validation.py:2691: UserWarning: X does not have valid feature names, but LGBMRegressor was fitted with feature names
  warnings.warn(
/home/shivamguptanit/github/us-rl-portfolio/.venv/lib/python3.12/site-packages/sklearn/utils/validation.py:2691: UserWarning: X does not have valid feature names, but LGBMRegressor was fitted with feature names
  warnings.warn(
/home/shivamguptanit/github/us-rl-portfolio/.venv/lib/python3.12/site-packages/sklearn/utils/validation.py:2691: UserWarning: X does not have valid feature names, but LGBMRegressor was fitted with feature names
  warnings.warn(
/home/shivamguptanit/github/us-rl-portfolio/.venv/lib/python3.12/site-packages/sklearn/utils/validation.py:2691: UserWarning: X does not have valid feature names, but LGBMRegressor was fitted with feature names
  warnings.warn(
/home/shivamguptanit/github/us-rl-portfolio/.venv/lib/python3.12/site-packages/sklearn/utils/validation.py:2691: UserWarning: X does not have valid feature names, but LGBMRegressor was fitted with feature names
  warnings.warn(
/home/shivamguptanit/github/us-rl-portfolio/.venv/lib/python3.12/site-packages/sklearn/utils/validation.py:2691: UserWarning: X does not have valid feature names, but LGBMRegressor was fitted with feature names
  warnings.warn(
/home/shivamguptanit/github/us-rl-portfolio/.venv/lib/python3.12/site-packages/sklearn/utils/validation.py:2691: UserWarning: X does not have valid feature names, but LGBMRegressor was fitted with feature names
  warnings.warn(
/home/shivamguptanit/github/us-rl-portfolio/.venv/lib/python3.12/site-packages/sklearn/utils/validation.py:2691: UserWarning: X does not have valid feature names, but LGBMRegressor was fitted with feature names
  warnings.warn(
/home/shivamguptanit/github/us-rl-portfolio/.venv/lib/python3.12/site-packages/sklearn/utils/validation.py:2691: UserWarning: X does not have valid feature names, but LGBMRegressor was fitted with feature names
  warnings.warn(
/home/shivamguptanit/github/us-rl-portfolio/.venv/lib/python3.12/site-packages/sklearn/utils/validation.py:2691: UserWarning: X does not have valid feature names, but LGBMRegressor was fitted with feature names
  warnings.warn(
/home/shivamguptanit/github/us-rl-portfolio/.venv/lib/python3.12/site-packages/sklearn/utils/validation.py:2691: UserWarning: X does not have valid feature names, but LGBMRegressor was fitted with feature names
  warnings.warn(
/home/shivamguptanit/github/us-rl-portfolio/.venv/lib/python3.12/site-packages/sklearn/utils/validation.py:2691: UserWarning: X does not have valid feature names, but LGBMRegressor was fitted with feature names
  warnings.warn(
/home/shivamguptanit/github/us-rl-portfolio/.venv/lib/python3.12/site-packages/sklearn/utils/validation.py:2691: UserWarning: X does not have valid feature names, but LGBMRegressor was fitted with feature names
  warnings.warn(
/home/shivamguptanit/github/us-rl-portfolio/.venv/lib/python3.12/site-packages/sklearn/utils/validation.py:2691: UserWarning: X does not have valid feature names, but LGBMRegressor was fitted with feature names
  warnings.warn(
/home/shivamguptanit/github/us-rl-portfolio/.venv/lib/python3.12/site-packages/sklearn/utils/validation.py:2691: UserWarning: X does not have valid feature names, but LGBMRegressor was fitted with feature names
  warnings.warn(
/home/shivamguptanit/github/us-rl-portfolio/.venv/lib/python3.12/site-packages/sklearn/utils/validation.py:2691: UserWarning: X does not have valid feature names, but LGBMRegressor was fitted with feature names
  warnings.warn(
/home/shivamguptanit/github/us-rl-portfolio/.venv/lib/python3.12/site-packages/sklearn/utils/validation.py:2691: UserWarning: X does not have valid feature names, but LGBMRegressor was fitted with feature names
  warnings.warn(
/home/shivamguptanit/github/us-rl-portfolio/.venv/lib/python3.12/site-packages/sklearn/utils/validation.py:2691: UserWarning: X does not have valid feature names, but LGBMRegressor was fitted with feature names
  warnings.warn(
/home/shivamguptanit/github/us-rl-portfolio/.venv/lib/python3.12/site-packages/sklearn/utils/validation.py:2691: UserWarning: X does not have valid feature names, but LGBMRegressor was fitted with feature names
  warnings.warn(
/home/shivamguptanit/github/us-rl-portfolio/.venv/lib/python3.12/site-packages/sklearn/utils/validation.py:2691: UserWarning: X does not have valid feature names, but LGBMRegressor was fitted with feature names
  warnings.warn(
/home/shivamguptanit/github/us-rl-portfolio/.venv/lib/python3.12/site-packages/sklearn/utils/validation.py:2691: UserWarning: X does not have valid feature names, but LGBMRegressor was fitted with feature names
  warnings.warn(
/home/shivamguptanit/github/us-rl-portfolio/.venv/lib/python3.12/site-packages/sklearn/utils/validation.py:2691: UserWarning: X does not have valid feature names, but LGBMRegressor was fitted with feature names
  warnings.warn(
/home/shivamguptanit/github/us-rl-portfolio/.venv/lib/python3.12/site-packages/sklearn/utils/validation.py:2691: UserWarning: X does not have valid feature names, but LGBMRegressor was fitted with feature names
  warnings.warn(
/home/shivamguptanit/github/us-rl-portfolio/.venv/lib/python3.12/site-packages/sklearn/utils/validation.py:2691: UserWarning: X does not have valid feature names, but LGBMRegressor was fitted with feature names
  warnings.warn(
/home/shivamguptanit/github/us-rl-portfolio/.venv/lib/python3.12/site-packages/sklearn/utils/validation.py:2691: UserWarning: X does not have valid feature names, but LGBMRegressor was fitted with feature names
  warnings.warn(
/home/shivamguptanit/github/us-rl-portfolio/.venv/lib/python3.12/site-packages/sklearn/utils/validation.py:2691: UserWarning: X does not have valid feature names, but LGBMRegressor was fitted with feature names
  warnings.warn(
/home/shivamguptanit/github/us-rl-portfolio/.venv/lib/python3.12/site-packages/sklearn/utils/validation.py:2691: UserWarning: X does not have valid feature names, but LGBMRegressor was fitted with feature names
  warnings.warn(
/home/shivamguptanit/github/us-rl-portfolio/.venv/lib/python3.12/site-packages/sklearn/utils/validation.py:2691: UserWarning: X does not have valid feature names, but LGBMRegressor was fitted with feature names
  warnings.warn(
/home/shivamguptanit/github/us-rl-portfolio/.venv/lib/python3.12/site-packages/sklearn/utils/validation.py:2691: UserWarning: X does not have valid feature names, but LGBMRegressor was fitted with feature names
  warnings.warn(
/home/shivamguptanit/github/us-rl-portfolio/.venv/lib/python3.12/site-packages/sklearn/utils/validation.py:2691: UserWarning: X does not have valid feature names, but LGBMRegressor was fitted with feature names
  warnings.warn(
/home/shivamguptanit/github/us-rl-portfolio/.venv/lib/python3.12/site-packages/sklearn/utils/validation.py:2691: UserWarning: X does not have valid feature names, but LGBMRegressor was fitted with feature names
  warnings.warn(
/home/shivamguptanit/github/us-rl-portfolio/.venv/lib/python3.12/site-packages/sklearn/utils/validation.py:2691: UserWarning: X does not have valid feature names, but LGBMRegressor was fitted with feature names
  warnings.warn(
/home/shivamguptanit/github/us-rl-portfolio/.venv/lib/python3.12/site-packages/sklearn/utils/validation.py:2691: UserWarning: X does not have valid feature names, but LGBMRegressor was fitted with feature names
  warnings.warn(
/home/shivamguptanit/github/us-rl-portfolio/.venv/lib/python3.12/site-packages/sklearn/utils/validation.py:2691: UserWarning: X does not have valid feature names, but LGBMRegressor was fitted with feature names
  warnings.warn(
/home/shivamguptanit/github/us-rl-portfolio/.venv/lib/python3.12/site-packages/sklearn/utils/validation.py:2691: UserWarning: X does not have valid feature names, but LGBMRegressor was fitted with feature names
  warnings.warn(
/home/shivamguptanit/github/us-rl-portfolio/.venv/lib/python3.12/site-packages/sklearn/utils/validation.py:2691: UserWarning: X does not have valid feature names, but LGBMRegressor was fitted with feature names
  warnings.warn(
/home/shivamguptanit/github/us-rl-portfolio/.venv/lib/python3.12/site-packages/sklearn/utils/validation.py:2691: UserWarning: X does not have valid feature names, but LGBMRegressor was fitted with feature names
  warnings.warn(
/home/shivamguptanit/github/us-rl-portfolio/.venv/lib/python3.12/site-packages/sklearn/utils/validation.py:2691: UserWarning: X does not have valid feature names, but LGBMRegressor was fitted with feature names
  warnings.warn(
/home/shivamguptanit/github/us-rl-portfolio/.venv/lib/python3.12/site-packages/sklearn/utils/validation.py:2691: UserWarning: X does not have valid feature names, but LGBMRegressor was fitted with feature names
  warnings.warn(
/home/shivamguptanit/github/us-rl-portfolio/.venv/lib/python3.12/site-packages/sklearn/utils/validation.py:2691: UserWarning: X does not have valid feature names, but LGBMRegressor was fitted with feature names
  warnings.warn(
/home/shivamguptanit/github/us-rl-portfolio/.venv/lib/python3.12/site-packages/sklearn/utils/validation.py:2691: UserWarning: X does not have valid feature names, but LGBMRegressor was fitted with feature names
  warnings.warn(
/home/shivamguptanit/github/us-rl-portfolio/.venv/lib/python3.12/site-packages/sklearn/utils/validation.py:2691: UserWarning: X does not have valid feature names, but LGBMRegressor was fitted with feature names
  warnings.warn(
/home/shivamguptanit/github/us-rl-portfolio/.venv/lib/python3.12/site-packages/sklearn/utils/validation.py:2691: UserWarning: X does not have valid feature names, but LGBMRegressor was fitted with feature names
  warnings.warn(
/home/shivamguptanit/github/us-rl-portfolio/.venv/lib/python3.12/site-packages/sklearn/utils/validation.py:2691: UserWarning: X does not have valid feature names, but LGBMRegressor was fitted with feature names
  warnings.warn(
/home/shivamguptanit/github/us-rl-portfolio/.venv/lib/python3.12/site-packages/sklearn/utils/validation.py:2691: UserWarning: X does not have valid feature names, but LGBMRegressor was fitted with feature names
  warnings.warn(
/home/shivamguptanit/github/us-rl-portfolio/.venv/lib/python3.12/site-packages/sklearn/utils/validation.py:2691: UserWarning: X does not have valid feature names, but LGBMRegressor was fitted with feature names
  warnings.warn(
/home/shivamguptanit/github/us-rl-portfolio/.venv/lib/python3.12/site-packages/sklearn/utils/validation.py:2691: UserWarning: X does not have valid feature names, but LGBMRegressor was fitted with feature names
  warnings.warn(
/home/shivamguptanit/github/us-rl-portfolio/.venv/lib/python3.12/site-packages/sklearn/utils/validation.py:2691: UserWarning: X does not have valid feature names, but LGBMRegressor was fitted with feature names
  warnings.warn(
/home/shivamguptanit/github/us-rl-portfolio/.venv/lib/python3.12/site-packages/sklearn/utils/validation.py:2691: UserWarning: X does not have valid feature names, but LGBMRegressor was fitted with feature names
  warnings.warn(
/home/shivamguptanit/github/us-rl-portfolio/.venv/lib/python3.12/site-packages/sklearn/utils/validation.py:2691: UserWarning: X does not have valid feature names, but LGBMRegressor was fitted with feature names
  warnings.warn(
/home/shivamguptanit/github/us-rl-portfolio/.venv/lib/python3.12/site-packages/sklearn/utils/validation.py:2691: UserWarning: X does not have valid feature names, but LGBMRegressor was fitted with feature names
  warnings.warn(
/home/shivamguptanit/github/us-rl-portfolio/.venv/lib/python3.12/site-packages/sklearn/utils/validation.py:2691: UserWarning: X does not have valid feature names, but LGBMRegressor was fitted with feature names
  warnings.warn(
/home/shivamguptanit/github/us-rl-portfolio/.venv/lib/python3.12/site-packages/sklearn/utils/validation.py:2691: UserWarning: X does not have valid feature names, but LGBMRegressor was fitted with feature names
  warnings.warn(
/home/shivamguptanit/github/us-rl-portfolio/.venv/lib/python3.12/site-packages/sklearn/utils/validation.py:2691: UserWarning: X does not have valid feature names, but LGBMRegressor was fitted with feature names
  warnings.warn(
/home/shivamguptanit/github/us-rl-portfolio/.venv/lib/python3.12/site-packages/sklearn/utils/validation.py:2691: UserWarning: X does not have valid feature names, but LGBMRegressor was fitted with feature names
  warnings.warn(
/home/shivamguptanit/github/us-rl-portfolio/.venv/lib/python3.12/site-packages/sklearn/utils/validation.py:2691: UserWarning: X does not have valid feature names, but LGBMRegressor was fitted with feature names
  warnings.warn(
/home/shivamguptanit/github/us-rl-portfolio/.venv/lib/python3.12/site-packages/sklearn/utils/validation.py:2691: UserWarning: X does not have valid feature names, but LGBMRegressor was fitted with feature names
  warnings.warn(
/home/shivamguptanit/github/us-rl-portfolio/.venv/lib/python3.12/site-packages/sklearn/utils/validation.py:2691: UserWarning: X does not have valid feature names, but LGBMRegressor was fitted with feature names
  warnings.warn(
/home/shivamguptanit/github/us-rl-portfolio/.venv/lib/python3.12/site-packages/sklearn/utils/validation.py:2691: UserWarning: X does not have valid feature names, but LGBMRegressor was fitted with feature names
  warnings.warn(
/home/shivamguptanit/github/us-rl-portfolio/.venv/lib/python3.12/site-packages/sklearn/utils/validation.py:2691: UserWarning: X does not have valid feature names, but LGBMRegressor was fitted with feature names
  warnings.warn(
/home/shivamguptanit/github/us-rl-portfolio/.venv/lib/python3.12/site-packages/sklearn/utils/validation.py:2691: UserWarning: X does not have valid feature names, but LGBMRegressor was fitted with feature names
  warnings.warn(
/home/shivamguptanit/github/us-rl-portfolio/.venv/lib/python3.12/site-packages/sklearn/utils/validation.py:2691: UserWarning: X does not have valid feature names, but LGBMRegressor was fitted with feature names
  warnings.warn(
/home/shivamguptanit/github/us-rl-portfolio/.venv/lib/python3.12/site-packages/sklearn/utils/validation.py:2691: UserWarning: X does not have valid feature names, but LGBMRegressor was fitted with feature names
  warnings.warn(
/home/shivamguptanit/github/us-rl-portfolio/.venv/lib/python3.12/site-packages/sklearn/utils/validation.py:2691: UserWarning: X does not have valid feature names, but LGBMRegressor was fitted with feature names
  warnings.warn(
/home/shivamguptanit/github/us-rl-portfolio/.venv/lib/python3.12/site-packages/sklearn/utils/validation.py:2691: UserWarning: X does not have valid feature names, but LGBMRegressor was fitted with feature names
  warnings.warn(
/home/shivamguptanit/github/us-rl-portfolio/.venv/lib/python3.12/site-packages/sklearn/utils/validation.py:2691: UserWarning: X does not have valid feature names, but LGBMRegressor was fitted with feature names
  warnings.warn(
/home/shivamguptanit/github/us-rl-portfolio/.venv/lib/python3.12/site-packages/sklearn/utils/validation.py:2691: UserWarning: X does not have valid feature names, but LGBMRegressor was fitted with feature names
  warnings.warn(
/home/shivamguptanit/github/us-rl-portfolio/.venv/lib/python3.12/site-packages/sklearn/utils/validation.py:2691: UserWarning: X does not have valid feature names, but LGBMRegressor was fitted with feature names
  warnings.warn(
/home/shivamguptanit/github/us-rl-portfolio/.venv/lib/python3.12/site-packages/sklearn/utils/validation.py:2691: UserWarning: X does not have valid feature names, but LGBMRegressor was fitted with feature names
  warnings.warn(
/home/shivamguptanit/github/us-rl-portfolio/.venv/lib/python3.12/site-packages/sklearn/utils/validation.py:2691: UserWarning: X does not have valid feature names, but LGBMRegressor was fitted with feature names
  warnings.warn(
/home/shivamguptanit/github/us-rl-portfolio/.venv/lib/python3.12/site-packages/sklearn/utils/validation.py:2691: UserWarning: X does not have valid feature names, but LGBMRegressor was fitted with feature names
  warnings.warn(
/home/shivamguptanit/github/us-rl-portfolio/.venv/lib/python3.12/site-packages/sklearn/utils/validation.py:2691: UserWarning: X does not have valid feature names, but LGBMRegressor was fitted with feature names
  warnings.warn(
/home/shivamguptanit/github/us-rl-portfolio/.venv/lib/python3.12/site-packages/sklearn/utils/validation.py:2691: UserWarning: X does not have valid feature names, but LGBMRegressor was fitted with feature names
  warnings.warn(
/home/shivamguptanit/github/us-rl-portfolio/.venv/lib/python3.12/site-packages/sklearn/utils/validation.py:2691: UserWarning: X does not have valid feature names, but LGBMRegressor was fitted with feature names
  warnings.warn(
2026-05-01 11:36:49,392 INFO     IC Sharpe=1.5926 (33.5s)
2026-05-01 11:36:49,393 INFO   [4/7] vol_plus_momentum (10 features)...
/home/shivamguptanit/github/us-rl-portfolio/.venv/lib/python3.12/site-packages/sklearn/utils/validation.py:2691: UserWarning: X does not have valid feature names, but LGBMRegressor was fitted with feature names
  warnings.warn(
/home/shivamguptanit/github/us-rl-portfolio/.venv/lib/python3.12/site-packages/sklearn/utils/validation.py:2691: UserWarning: X does not have valid feature names, but LGBMRegressor was fitted with feature names
  warnings.warn(
/home/shivamguptanit/github/us-rl-portfolio/.venv/lib/python3.12/site-packages/sklearn/utils/validation.py:2691: UserWarning: X does not have valid feature names, but LGBMRegressor was fitted with feature names
  warnings.warn(
/home/shivamguptanit/github/us-rl-portfolio/.venv/lib/python3.12/site-packages/sklearn/utils/validation.py:2691: UserWarning: X does not have valid feature names, but LGBMRegressor was fitted with feature names
  warnings.warn(
/home/shivamguptanit/github/us-rl-portfolio/.venv/lib/python3.12/site-packages/sklearn/utils/validation.py:2691: UserWarning: X does not have valid feature names, but LGBMRegressor was fitted with feature names
  warnings.warn(
/home/shivamguptanit/github/us-rl-portfolio/.venv/lib/python3.12/site-packages/sklearn/utils/validation.py:2691: UserWarning: X does not have valid feature names, but LGBMRegressor was fitted with feature names
  warnings.warn(
/home/shivamguptanit/github/us-rl-portfolio/.venv/lib/python3.12/site-packages/sklearn/utils/validation.py:2691: UserWarning: X does not have valid feature names, but LGBMRegressor was fitted with feature names
  warnings.warn(
/home/shivamguptanit/github/us-rl-portfolio/.venv/lib/python3.12/site-packages/sklearn/utils/validation.py:2691: UserWarning: X does not have valid feature names, but LGBMRegressor was fitted with feature names
  warnings.warn(
/home/shivamguptanit/github/us-rl-portfolio/.venv/lib/python3.12/site-packages/sklearn/utils/validation.py:2691: UserWarning: X does not have valid feature names, but LGBMRegressor was fitted with feature names
  warnings.warn(
/home/shivamguptanit/github/us-rl-portfolio/.venv/lib/python3.12/site-packages/sklearn/utils/validation.py:2691: UserWarning: X does not have valid feature names, but LGBMRegressor was fitted with feature names
  warnings.warn(
/home/shivamguptanit/github/us-rl-portfolio/.venv/lib/python3.12/site-packages/sklearn/utils/validation.py:2691: UserWarning: X does not have valid feature names, but LGBMRegressor was fitted with feature names
  warnings.warn(
/home/shivamguptanit/github/us-rl-portfolio/.venv/lib/python3.12/site-packages/sklearn/utils/validation.py:2691: UserWarning: X does not have valid feature names, but LGBMRegressor was fitted with feature names
  warnings.warn(
/home/shivamguptanit/github/us-rl-portfolio/.venv/lib/python3.12/site-packages/sklearn/utils/validation.py:2691: UserWarning: X does not have valid feature names, but LGBMRegressor was fitted with feature names
  warnings.warn(
/home/shivamguptanit/github/us-rl-portfolio/.venv/lib/python3.12/site-packages/sklearn/utils/validation.py:2691: UserWarning: X does not have valid feature names, but LGBMRegressor was fitted with feature names
  warnings.warn(
/home/shivamguptanit/github/us-rl-portfolio/.venv/lib/python3.12/site-packages/sklearn/utils/validation.py:2691: UserWarning: X does not have valid feature names, but LGBMRegressor was fitted with feature names
  warnings.warn(
/home/shivamguptanit/github/us-rl-portfolio/.venv/lib/python3.12/site-packages/sklearn/utils/validation.py:2691: UserWarning: X does not have valid feature names, but LGBMRegressor was fitted with feature names
  warnings.warn(
/home/shivamguptanit/github/us-rl-portfolio/.venv/lib/python3.12/site-packages/sklearn/utils/validation.py:2691: UserWarning: X does not have valid feature names, but LGBMRegressor was fitted with feature names
  warnings.warn(
/home/shivamguptanit/github/us-rl-portfolio/.venv/lib/python3.12/site-packages/sklearn/utils/validation.py:2691: UserWarning: X does not have valid feature names, but LGBMRegressor was fitted with feature names
  warnings.warn(
/home/shivamguptanit/github/us-rl-portfolio/.venv/lib/python3.12/site-packages/sklearn/utils/validation.py:2691: UserWarning: X does not have valid feature names, but LGBMRegressor was fitted with feature names
  warnings.warn(
/home/shivamguptanit/github/us-rl-portfolio/.venv/lib/python3.12/site-packages/sklearn/utils/validation.py:2691: UserWarning: X does not have valid feature names, but LGBMRegressor was fitted with feature names
  warnings.warn(
/home/shivamguptanit/github/us-rl-portfolio/.venv/lib/python3.12/site-packages/sklearn/utils/validation.py:2691: UserWarning: X does not have valid feature names, but LGBMRegressor was fitted with feature names
  warnings.warn(
/home/shivamguptanit/github/us-rl-portfolio/.venv/lib/python3.12/site-packages/sklearn/utils/validation.py:2691: UserWarning: X does not have valid feature names, but LGBMRegressor was fitted with feature names
  warnings.warn(
/home/shivamguptanit/github/us-rl-portfolio/.venv/lib/python3.12/site-packages/sklearn/utils/validation.py:2691: UserWarning: X does not have valid feature names, but LGBMRegressor was fitted with feature names
  warnings.warn(
/home/shivamguptanit/github/us-rl-portfolio/.venv/lib/python3.12/site-packages/sklearn/utils/validation.py:2691: UserWarning: X does not have valid feature names, but LGBMRegressor was fitted with feature names
  warnings.warn(
/home/shivamguptanit/github/us-rl-portfolio/.venv/lib/python3.12/site-packages/sklearn/utils/validation.py:2691: UserWarning: X does not have valid feature names, but LGBMRegressor was fitted with feature names
  warnings.warn(
/home/shivamguptanit/github/us-rl-portfolio/.venv/lib/python3.12/site-packages/sklearn/utils/validation.py:2691: UserWarning: X does not have valid feature names, but LGBMRegressor was fitted with feature names
  warnings.warn(
/home/shivamguptanit/github/us-rl-portfolio/.venv/lib/python3.12/site-packages/sklearn/utils/validation.py:2691: UserWarning: X does not have valid feature names, but LGBMRegressor was fitted with feature names
  warnings.warn(
/home/shivamguptanit/github/us-rl-portfolio/.venv/lib/python3.12/site-packages/sklearn/utils/validation.py:2691: UserWarning: X does not have valid feature names, but LGBMRegressor was fitted with feature names
  warnings.warn(
/home/shivamguptanit/github/us-rl-portfolio/.venv/lib/python3.12/site-packages/sklearn/utils/validation.py:2691: UserWarning: X does not have valid feature names, but LGBMRegressor was fitted with feature names
  warnings.warn(
/home/shivamguptanit/github/us-rl-portfolio/.venv/lib/python3.12/site-packages/sklearn/utils/validation.py:2691: UserWarning: X does not have valid feature names, but LGBMRegressor was fitted with feature names
  warnings.warn(
/home/shivamguptanit/github/us-rl-portfolio/.venv/lib/python3.12/site-packages/sklearn/utils/validation.py:2691: UserWarning: X does not have valid feature names, but LGBMRegressor was fitted with feature names
  warnings.warn(
/home/shivamguptanit/github/us-rl-portfolio/.venv/lib/python3.12/site-packages/sklearn/utils/validation.py:2691: UserWarning: X does not have valid feature names, but LGBMRegressor was fitted with feature names
  warnings.warn(
/home/shivamguptanit/github/us-rl-portfolio/.venv/lib/python3.12/site-packages/sklearn/utils/validation.py:2691: UserWarning: X does not have valid feature names, but LGBMRegressor was fitted with feature names
  warnings.warn(
/home/shivamguptanit/github/us-rl-portfolio/.venv/lib/python3.12/site-packages/sklearn/utils/validation.py:2691: UserWarning: X does not have valid feature names, but LGBMRegressor was fitted with feature names
  warnings.warn(
/home/shivamguptanit/github/us-rl-portfolio/.venv/lib/python3.12/site-packages/sklearn/utils/validation.py:2691: UserWarning: X does not have valid feature names, but LGBMRegressor was fitted with feature names
  warnings.warn(
/home/shivamguptanit/github/us-rl-portfolio/.venv/lib/python3.12/site-packages/sklearn/utils/validation.py:2691: UserWarning: X does not have valid feature names, but LGBMRegressor was fitted with feature names
  warnings.warn(
/home/shivamguptanit/github/us-rl-portfolio/.venv/lib/python3.12/site-packages/sklearn/utils/validation.py:2691: UserWarning: X does not have valid feature names, but LGBMRegressor was fitted with feature names
  warnings.warn(
/home/shivamguptanit/github/us-rl-portfolio/.venv/lib/python3.12/site-packages/sklearn/utils/validation.py:2691: UserWarning: X does not have valid feature names, but LGBMRegressor was fitted with feature names
  warnings.warn(
/home/shivamguptanit/github/us-rl-portfolio/.venv/lib/python3.12/site-packages/sklearn/utils/validation.py:2691: UserWarning: X does not have valid feature names, but LGBMRegressor was fitted with feature names
  warnings.warn(
/home/shivamguptanit/github/us-rl-portfolio/.venv/lib/python3.12/site-packages/sklearn/utils/validation.py:2691: UserWarning: X does not have valid feature names, but LGBMRegressor was fitted with feature names
  warnings.warn(
/home/shivamguptanit/github/us-rl-portfolio/.venv/lib/python3.12/site-packages/sklearn/utils/validation.py:2691: UserWarning: X does not have valid feature names, but LGBMRegressor was fitted with feature names
  warnings.warn(
/home/shivamguptanit/github/us-rl-portfolio/.venv/lib/python3.12/site-packages/sklearn/utils/validation.py:2691: UserWarning: X does not have valid feature names, but LGBMRegressor was fitted with feature names
  warnings.warn(
/home/shivamguptanit/github/us-rl-portfolio/.venv/lib/python3.12/site-packages/sklearn/utils/validation.py:2691: UserWarning: X does not have valid feature names, but LGBMRegressor was fitted with feature names
  warnings.warn(
/home/shivamguptanit/github/us-rl-portfolio/.venv/lib/python3.12/site-packages/sklearn/utils/validation.py:2691: UserWarning: X does not have valid feature names, but LGBMRegressor was fitted with feature names
  warnings.warn(
/home/shivamguptanit/github/us-rl-portfolio/.venv/lib/python3.12/site-packages/sklearn/utils/validation.py:2691: UserWarning: X does not have valid feature names, but LGBMRegressor was fitted with feature names
  warnings.warn(
/home/shivamguptanit/github/us-rl-portfolio/.venv/lib/python3.12/site-packages/sklearn/utils/validation.py:2691: UserWarning: X does not have valid feature names, but LGBMRegressor was fitted with feature names
  warnings.warn(
/home/shivamguptanit/github/us-rl-portfolio/.venv/lib/python3.12/site-packages/sklearn/utils/validation.py:2691: UserWarning: X does not have valid feature names, but LGBMRegressor was fitted with feature names
  warnings.warn(
/home/shivamguptanit/github/us-rl-portfolio/.venv/lib/python3.12/site-packages/sklearn/utils/validation.py:2691: UserWarning: X does not have valid feature names, but LGBMRegressor was fitted with feature names
  warnings.warn(
/home/shivamguptanit/github/us-rl-portfolio/.venv/lib/python3.12/site-packages/sklearn/utils/validation.py:2691: UserWarning: X does not have valid feature names, but LGBMRegressor was fitted with feature names
  warnings.warn(
/home/shivamguptanit/github/us-rl-portfolio/.venv/lib/python3.12/site-packages/sklearn/utils/validation.py:2691: UserWarning: X does not have valid feature names, but LGBMRegressor was fitted with feature names
  warnings.warn(
/home/shivamguptanit/github/us-rl-portfolio/.venv/lib/python3.12/site-packages/sklearn/utils/validation.py:2691: UserWarning: X does not have valid feature names, but LGBMRegressor was fitted with feature names
  warnings.warn(
/home/shivamguptanit/github/us-rl-portfolio/.venv/lib/python3.12/site-packages/sklearn/utils/validation.py:2691: UserWarning: X does not have valid feature names, but LGBMRegressor was fitted with feature names
  warnings.warn(
/home/shivamguptanit/github/us-rl-portfolio/.venv/lib/python3.12/site-packages/sklearn/utils/validation.py:2691: UserWarning: X does not have valid feature names, but LGBMRegressor was fitted with feature names
  warnings.warn(
/home/shivamguptanit/github/us-rl-portfolio/.venv/lib/python3.12/site-packages/sklearn/utils/validation.py:2691: UserWarning: X does not have valid feature names, but LGBMRegressor was fitted with feature names
  warnings.warn(
/home/shivamguptanit/github/us-rl-portfolio/.venv/lib/python3.12/site-packages/sklearn/utils/validation.py:2691: UserWarning: X does not have valid feature names, but LGBMRegressor was fitted with feature names
  warnings.warn(
/home/shivamguptanit/github/us-rl-portfolio/.venv/lib/python3.12/site-packages/sklearn/utils/validation.py:2691: UserWarning: X does not have valid feature names, but LGBMRegressor was fitted with feature names
  warnings.warn(
/home/shivamguptanit/github/us-rl-portfolio/.venv/lib/python3.12/site-packages/sklearn/utils/validation.py:2691: UserWarning: X does not have valid feature names, but LGBMRegressor was fitted with feature names
  warnings.warn(
/home/shivamguptanit/github/us-rl-portfolio/.venv/lib/python3.12/site-packages/sklearn/utils/validation.py:2691: UserWarning: X does not have valid feature names, but LGBMRegressor was fitted with feature names
  warnings.warn(
/home/shivamguptanit/github/us-rl-portfolio/.venv/lib/python3.12/site-packages/sklearn/utils/validation.py:2691: UserWarning: X does not have valid feature names, but LGBMRegressor was fitted with feature names
  warnings.warn(
/home/shivamguptanit/github/us-rl-portfolio/.venv/lib/python3.12/site-packages/sklearn/utils/validation.py:2691: UserWarning: X does not have valid feature names, but LGBMRegressor was fitted with feature names
  warnings.warn(
/home/shivamguptanit/github/us-rl-portfolio/.venv/lib/python3.12/site-packages/sklearn/utils/validation.py:2691: UserWarning: X does not have valid feature names, but LGBMRegressor was fitted with feature names
  warnings.warn(
/home/shivamguptanit/github/us-rl-portfolio/.venv/lib/python3.12/site-packages/sklearn/utils/validation.py:2691: UserWarning: X does not have valid feature names, but LGBMRegressor was fitted with feature names
  warnings.warn(
/home/shivamguptanit/github/us-rl-portfolio/.venv/lib/python3.12/site-packages/sklearn/utils/validation.py:2691: UserWarning: X does not have valid feature names, but LGBMRegressor was fitted with feature names
  warnings.warn(
/home/shivamguptanit/github/us-rl-portfolio/.venv/lib/python3.12/site-packages/sklearn/utils/validation.py:2691: UserWarning: X does not have valid feature names, but LGBMRegressor was fitted with feature names
  warnings.warn(
/home/shivamguptanit/github/us-rl-portfolio/.venv/lib/python3.12/site-packages/sklearn/utils/validation.py:2691: UserWarning: X does not have valid feature names, but LGBMRegressor was fitted with feature names
  warnings.warn(
/home/shivamguptanit/github/us-rl-portfolio/.venv/lib/python3.12/site-packages/sklearn/utils/validation.py:2691: UserWarning: X does not have valid feature names, but LGBMRegressor was fitted with feature names
  warnings.warn(
/home/shivamguptanit/github/us-rl-portfolio/.venv/lib/python3.12/site-packages/sklearn/utils/validation.py:2691: UserWarning: X does not have valid feature names, but LGBMRegressor was fitted with feature names
  warnings.warn(
/home/shivamguptanit/github/us-rl-portfolio/.venv/lib/python3.12/site-packages/sklearn/utils/validation.py:2691: UserWarning: X does not have valid feature names, but LGBMRegressor was fitted with feature names
  warnings.warn(
/home/shivamguptanit/github/us-rl-portfolio/.venv/lib/python3.12/site-packages/sklearn/utils/validation.py:2691: UserWarning: X does not have valid feature names, but LGBMRegressor was fitted with feature names
  warnings.warn(
/home/shivamguptanit/github/us-rl-portfolio/.venv/lib/python3.12/site-packages/sklearn/utils/validation.py:2691: UserWarning: X does not have valid feature names, but LGBMRegressor was fitted with feature names
  warnings.warn(
/home/shivamguptanit/github/us-rl-portfolio/.venv/lib/python3.12/site-packages/sklearn/utils/validation.py:2691: UserWarning: X does not have valid feature names, but LGBMRegressor was fitted with feature names
  warnings.warn(
/home/shivamguptanit/github/us-rl-portfolio/.venv/lib/python3.12/site-packages/sklearn/utils/validation.py:2691: UserWarning: X does not have valid feature names, but LGBMRegressor was fitted with feature names
  warnings.warn(
/home/shivamguptanit/github/us-rl-portfolio/.venv/lib/python3.12/site-packages/sklearn/utils/validation.py:2691: UserWarning: X does not have valid feature names, but LGBMRegressor was fitted with feature names
  warnings.warn(
/home/shivamguptanit/github/us-rl-portfolio/.venv/lib/python3.12/site-packages/sklearn/utils/validation.py:2691: UserWarning: X does not have valid feature names, but LGBMRegressor was fitted with feature names
  warnings.warn(
/home/shivamguptanit/github/us-rl-portfolio/.venv/lib/python3.12/site-packages/sklearn/utils/validation.py:2691: UserWarning: X does not have valid feature names, but LGBMRegressor was fitted with feature names
  warnings.warn(
/home/shivamguptanit/github/us-rl-portfolio/.venv/lib/python3.12/site-packages/sklearn/utils/validation.py:2691: UserWarning: X does not have valid feature names, but LGBMRegressor was fitted with feature names
  warnings.warn(
/home/shivamguptanit/github/us-rl-portfolio/.venv/lib/python3.12/site-packages/sklearn/utils/validation.py:2691: UserWarning: X does not have valid feature names, but LGBMRegressor was fitted with feature names
  warnings.warn(
/home/shivamguptanit/github/us-rl-portfolio/.venv/lib/python3.12/site-packages/sklearn/utils/validation.py:2691: UserWarning: X does not have valid feature names, but LGBMRegressor was fitted with feature names
  warnings.warn(
/home/shivamguptanit/github/us-rl-portfolio/.venv/lib/python3.12/site-packages/sklearn/utils/validation.py:2691: UserWarning: X does not have valid feature names, but LGBMRegressor was fitted with feature names
  warnings.warn(
/home/shivamguptanit/github/us-rl-portfolio/.venv/lib/python3.12/site-packages/sklearn/utils/validation.py:2691: UserWarning: X does not have valid feature names, but LGBMRegressor was fitted with feature names
  warnings.warn(
/home/shivamguptanit/github/us-rl-portfolio/.venv/lib/python3.12/site-packages/sklearn/utils/validation.py:2691: UserWarning: X does not have valid feature names, but LGBMRegressor was fitted with feature names
  warnings.warn(
/home/shivamguptanit/github/us-rl-portfolio/.venv/lib/python3.12/site-packages/sklearn/utils/validation.py:2691: UserWarning: X does not have valid feature names, but LGBMRegressor was fitted with feature names
  warnings.warn(
/home/shivamguptanit/github/us-rl-portfolio/.venv/lib/python3.12/site-packages/sklearn/utils/validation.py:2691: UserWarning: X does not have valid feature names, but LGBMRegressor was fitted with feature names
  warnings.warn(
/home/shivamguptanit/github/us-rl-portfolio/.venv/lib/python3.12/site-packages/sklearn/utils/validation.py:2691: UserWarning: X does not have valid feature names, but LGBMRegressor was fitted with feature names
  warnings.warn(
/home/shivamguptanit/github/us-rl-portfolio/.venv/lib/python3.12/site-packages/sklearn/utils/validation.py:2691: UserWarning: X does not have valid feature names, but LGBMRegressor was fitted with feature names
  warnings.warn(
/home/shivamguptanit/github/us-rl-portfolio/.venv/lib/python3.12/site-packages/sklearn/utils/validation.py:2691: UserWarning: X does not have valid feature names, but LGBMRegressor was fitted with feature names
  warnings.warn(
/home/shivamguptanit/github/us-rl-portfolio/.venv/lib/python3.12/site-packages/sklearn/utils/validation.py:2691: UserWarning: X does not have valid feature names, but LGBMRegressor was fitted with feature names
  warnings.warn(
/home/shivamguptanit/github/us-rl-portfolio/.venv/lib/python3.12/site-packages/sklearn/utils/validation.py:2691: UserWarning: X does not have valid feature names, but LGBMRegressor was fitted with feature names
  warnings.warn(
/home/shivamguptanit/github/us-rl-portfolio/.venv/lib/python3.12/site-packages/sklearn/utils/validation.py:2691: UserWarning: X does not have valid feature names, but LGBMRegressor was fitted with feature names
  warnings.warn(
/home/shivamguptanit/github/us-rl-portfolio/.venv/lib/python3.12/site-packages/sklearn/utils/validation.py:2691: UserWarning: X does not have valid feature names, but LGBMRegressor was fitted with feature names
  warnings.warn(
/home/shivamguptanit/github/us-rl-portfolio/.venv/lib/python3.12/site-packages/sklearn/utils/validation.py:2691: UserWarning: X does not have valid feature names, but LGBMRegressor was fitted with feature names
  warnings.warn(
/home/shivamguptanit/github/us-rl-portfolio/.venv/lib/python3.12/site-packages/sklearn/utils/validation.py:2691: UserWarning: X does not have valid feature names, but LGBMRegressor was fitted with feature names
  warnings.warn(
/home/shivamguptanit/github/us-rl-portfolio/.venv/lib/python3.12/site-packages/sklearn/utils/validation.py:2691: UserWarning: X does not have valid feature names, but LGBMRegressor was fitted with feature names
  warnings.warn(
/home/shivamguptanit/github/us-rl-portfolio/.venv/lib/python3.12/site-packages/sklearn/utils/validation.py:2691: UserWarning: X does not have valid feature names, but LGBMRegressor was fitted with feature names
  warnings.warn(
/home/shivamguptanit/github/us-rl-portfolio/.venv/lib/python3.12/site-packages/sklearn/utils/validation.py:2691: UserWarning: X does not have valid feature names, but LGBMRegressor was fitted with feature names
  warnings.warn(
2026-05-01 11:37:28,224 INFO     IC Sharpe=-0.1673 (38.8s)
2026-05-01 11:37:28,224 INFO   [5/7] positive_ic_holdout (14 features)...
/home/shivamguptanit/github/us-rl-portfolio/.venv/lib/python3.12/site-packages/sklearn/utils/validation.py:2691: UserWarning: X does not have valid feature names, but LGBMRegressor was fitted with feature names
  warnings.warn(
/home/shivamguptanit/github/us-rl-portfolio/.venv/lib/python3.12/site-packages/sklearn/utils/validation.py:2691: UserWarning: X does not have valid feature names, but LGBMRegressor was fitted with feature names
  warnings.warn(
/home/shivamguptanit/github/us-rl-portfolio/.venv/lib/python3.12/site-packages/sklearn/utils/validation.py:2691: UserWarning: X does not have valid feature names, but LGBMRegressor was fitted with feature names
  warnings.warn(
/home/shivamguptanit/github/us-rl-portfolio/.venv/lib/python3.12/site-packages/sklearn/utils/validation.py:2691: UserWarning: X does not have valid feature names, but LGBMRegressor was fitted with feature names
  warnings.warn(
/home/shivamguptanit/github/us-rl-portfolio/.venv/lib/python3.12/site-packages/sklearn/utils/validation.py:2691: UserWarning: X does not have valid feature names, but LGBMRegressor was fitted with feature names
  warnings.warn(
/home/shivamguptanit/github/us-rl-portfolio/.venv/lib/python3.12/site-packages/sklearn/utils/validation.py:2691: UserWarning: X does not have valid feature names, but LGBMRegressor was fitted with feature names
  warnings.warn(
/home/shivamguptanit/github/us-rl-portfolio/.venv/lib/python3.12/site-packages/sklearn/utils/validation.py:2691: UserWarning: X does not have valid feature names, but LGBMRegressor was fitted with feature names
  warnings.warn(
/home/shivamguptanit/github/us-rl-portfolio/.venv/lib/python3.12/site-packages/sklearn/utils/validation.py:2691: UserWarning: X does not have valid feature names, but LGBMRegressor was fitted with feature names
  warnings.warn(
/home/shivamguptanit/github/us-rl-portfolio/.venv/lib/python3.12/site-packages/sklearn/utils/validation.py:2691: UserWarning: X does not have valid feature names, but LGBMRegressor was fitted with feature names
  warnings.warn(
/home/shivamguptanit/github/us-rl-portfolio/.venv/lib/python3.12/site-packages/sklearn/utils/validation.py:2691: UserWarning: X does not have valid feature names, but LGBMRegressor was fitted with feature names
  warnings.warn(
/home/shivamguptanit/github/us-rl-portfolio/.venv/lib/python3.12/site-packages/sklearn/utils/validation.py:2691: UserWarning: X does not have valid feature names, but LGBMRegressor was fitted with feature names
  warnings.warn(
/home/shivamguptanit/github/us-rl-portfolio/.venv/lib/python3.12/site-packages/sklearn/utils/validation.py:2691: UserWarning: X does not have valid feature names, but LGBMRegressor was fitted with feature names
  warnings.warn(
/home/shivamguptanit/github/us-rl-portfolio/.venv/lib/python3.12/site-packages/sklearn/utils/validation.py:2691: UserWarning: X does not have valid feature names, but LGBMRegressor was fitted with feature names
  warnings.warn(
/home/shivamguptanit/github/us-rl-portfolio/.venv/lib/python3.12/site-packages/sklearn/utils/validation.py:2691: UserWarning: X does not have valid feature names, but LGBMRegressor was fitted with feature names
  warnings.warn(
/home/shivamguptanit/github/us-rl-portfolio/.venv/lib/python3.12/site-packages/sklearn/utils/validation.py:2691: UserWarning: X does not have valid feature names, but LGBMRegressor was fitted with feature names
  warnings.warn(
/home/shivamguptanit/github/us-rl-portfolio/.venv/lib/python3.12/site-packages/sklearn/utils/validation.py:2691: UserWarning: X does not have valid feature names, but LGBMRegressor was fitted with feature names
  warnings.warn(
/home/shivamguptanit/github/us-rl-portfolio/.venv/lib/python3.12/site-packages/sklearn/utils/validation.py:2691: UserWarning: X does not have valid feature names, but LGBMRegressor was fitted with feature names
  warnings.warn(
/home/shivamguptanit/github/us-rl-portfolio/.venv/lib/python3.12/site-packages/sklearn/utils/validation.py:2691: UserWarning: X does not have valid feature names, but LGBMRegressor was fitted with feature names
  warnings.warn(
/home/shivamguptanit/github/us-rl-portfolio/.venv/lib/python3.12/site-packages/sklearn/utils/validation.py:2691: UserWarning: X does not have valid feature names, but LGBMRegressor was fitted with feature names
  warnings.warn(
/home/shivamguptanit/github/us-rl-portfolio/.venv/lib/python3.12/site-packages/sklearn/utils/validation.py:2691: UserWarning: X does not have valid feature names, but LGBMRegressor was fitted with feature names
  warnings.warn(
/home/shivamguptanit/github/us-rl-portfolio/.venv/lib/python3.12/site-packages/sklearn/utils/validation.py:2691: UserWarning: X does not have valid feature names, but LGBMRegressor was fitted with feature names
  warnings.warn(
/home/shivamguptanit/github/us-rl-portfolio/.venv/lib/python3.12/site-packages/sklearn/utils/validation.py:2691: UserWarning: X does not have valid feature names, but LGBMRegressor was fitted with feature names
  warnings.warn(
/home/shivamguptanit/github/us-rl-portfolio/.venv/lib/python3.12/site-packages/sklearn/utils/validation.py:2691: UserWarning: X does not have valid feature names, but LGBMRegressor was fitted with feature names
  warnings.warn(
/home/shivamguptanit/github/us-rl-portfolio/.venv/lib/python3.12/site-packages/sklearn/utils/validation.py:2691: UserWarning: X does not have valid feature names, but LGBMRegressor was fitted with feature names
  warnings.warn(
/home/shivamguptanit/github/us-rl-portfolio/.venv/lib/python3.12/site-packages/sklearn/utils/validation.py:2691: UserWarning: X does not have valid feature names, but LGBMRegressor was fitted with feature names
  warnings.warn(
/home/shivamguptanit/github/us-rl-portfolio/.venv/lib/python3.12/site-packages/sklearn/utils/validation.py:2691: UserWarning: X does not have valid feature names, but LGBMRegressor was fitted with feature names
  warnings.warn(
/home/shivamguptanit/github/us-rl-portfolio/.venv/lib/python3.12/site-packages/sklearn/utils/validation.py:2691: UserWarning: X does not have valid feature names, but LGBMRegressor was fitted with feature names
  warnings.warn(
/home/shivamguptanit/github/us-rl-portfolio/.venv/lib/python3.12/site-packages/sklearn/utils/validation.py:2691: UserWarning: X does not have valid feature names, but LGBMRegressor was fitted with feature names
  warnings.warn(
/home/shivamguptanit/github/us-rl-portfolio/.venv/lib/python3.12/site-packages/sklearn/utils/validation.py:2691: UserWarning: X does not have valid feature names, but LGBMRegressor was fitted with feature names
  warnings.warn(
/home/shivamguptanit/github/us-rl-portfolio/.venv/lib/python3.12/site-packages/sklearn/utils/validation.py:2691: UserWarning: X does not have valid feature names, but LGBMRegressor was fitted with feature names
  warnings.warn(
/home/shivamguptanit/github/us-rl-portfolio/.venv/lib/python3.12/site-packages/sklearn/utils/validation.py:2691: UserWarning: X does not have valid feature names, but LGBMRegressor was fitted with feature names
  warnings.warn(
/home/shivamguptanit/github/us-rl-portfolio/.venv/lib/python3.12/site-packages/sklearn/utils/validation.py:2691: UserWarning: X does not have valid feature names, but LGBMRegressor was fitted with feature names
  warnings.warn(
/home/shivamguptanit/github/us-rl-portfolio/.venv/lib/python3.12/site-packages/sklearn/utils/validation.py:2691: UserWarning: X does not have valid feature names, but LGBMRegressor was fitted with feature names
  warnings.warn(
/home/shivamguptanit/github/us-rl-portfolio/.venv/lib/python3.12/site-packages/sklearn/utils/validation.py:2691: UserWarning: X does not have valid feature names, but LGBMRegressor was fitted with feature names
  warnings.warn(
/home/shivamguptanit/github/us-rl-portfolio/.venv/lib/python3.12/site-packages/sklearn/utils/validation.py:2691: UserWarning: X does not have valid feature names, but LGBMRegressor was fitted with feature names
  warnings.warn(
/home/shivamguptanit/github/us-rl-portfolio/.venv/lib/python3.12/site-packages/sklearn/utils/validation.py:2691: UserWarning: X does not have valid feature names, but LGBMRegressor was fitted with feature names
  warnings.warn(
/home/shivamguptanit/github/us-rl-portfolio/.venv/lib/python3.12/site-packages/sklearn/utils/validation.py:2691: UserWarning: X does not have valid feature names, but LGBMRegressor was fitted with feature names
  warnings.warn(
/home/shivamguptanit/github/us-rl-portfolio/.venv/lib/python3.12/site-packages/sklearn/utils/validation.py:2691: UserWarning: X does not have valid feature names, but LGBMRegressor was fitted with feature names
  warnings.warn(
/home/shivamguptanit/github/us-rl-portfolio/.venv/lib/python3.12/site-packages/sklearn/utils/validation.py:2691: UserWarning: X does not have valid feature names, but LGBMRegressor was fitted with feature names
  warnings.warn(
/home/shivamguptanit/github/us-rl-portfolio/.venv/lib/python3.12/site-packages/sklearn/utils/validation.py:2691: UserWarning: X does not have valid feature names, but LGBMRegressor was fitted with feature names
  warnings.warn(
/home/shivamguptanit/github/us-rl-portfolio/.venv/lib/python3.12/site-packages/sklearn/utils/validation.py:2691: UserWarning: X does not have valid feature names, but LGBMRegressor was fitted with feature names
  warnings.warn(
/home/shivamguptanit/github/us-rl-portfolio/.venv/lib/python3.12/site-packages/sklearn/utils/validation.py:2691: UserWarning: X does not have valid feature names, but LGBMRegressor was fitted with feature names
  warnings.warn(
/home/shivamguptanit/github/us-rl-portfolio/.venv/lib/python3.12/site-packages/sklearn/utils/validation.py:2691: UserWarning: X does not have valid feature names, but LGBMRegressor was fitted with feature names
  warnings.warn(
/home/shivamguptanit/github/us-rl-portfolio/.venv/lib/python3.12/site-packages/sklearn/utils/validation.py:2691: UserWarning: X does not have valid feature names, but LGBMRegressor was fitted with feature names
  warnings.warn(
/home/shivamguptanit/github/us-rl-portfolio/.venv/lib/python3.12/site-packages/sklearn/utils/validation.py:2691: UserWarning: X does not have valid feature names, but LGBMRegressor was fitted with feature names
  warnings.warn(
/home/shivamguptanit/github/us-rl-portfolio/.venv/lib/python3.12/site-packages/sklearn/utils/validation.py:2691: UserWarning: X does not have valid feature names, but LGBMRegressor was fitted with feature names
  warnings.warn(
/home/shivamguptanit/github/us-rl-portfolio/.venv/lib/python3.12/site-packages/sklearn/utils/validation.py:2691: UserWarning: X does not have valid feature names, but LGBMRegressor was fitted with feature names
  warnings.warn(
/home/shivamguptanit/github/us-rl-portfolio/.venv/lib/python3.12/site-packages/sklearn/utils/validation.py:2691: UserWarning: X does not have valid feature names, but LGBMRegressor was fitted with feature names
  warnings.warn(
/home/shivamguptanit/github/us-rl-portfolio/.venv/lib/python3.12/site-packages/sklearn/utils/validation.py:2691: UserWarning: X does not have valid feature names, but LGBMRegressor was fitted with feature names
  warnings.warn(
/home/shivamguptanit/github/us-rl-portfolio/.venv/lib/python3.12/site-packages/sklearn/utils/validation.py:2691: UserWarning: X does not have valid feature names, but LGBMRegressor was fitted with feature names
  warnings.warn(
/home/shivamguptanit/github/us-rl-portfolio/.venv/lib/python3.12/site-packages/sklearn/utils/validation.py:2691: UserWarning: X does not have valid feature names, but LGBMRegressor was fitted with feature names
  warnings.warn(
/home/shivamguptanit/github/us-rl-portfolio/.venv/lib/python3.12/site-packages/sklearn/utils/validation.py:2691: UserWarning: X does not have valid feature names, but LGBMRegressor was fitted with feature names
  warnings.warn(
/home/shivamguptanit/github/us-rl-portfolio/.venv/lib/python3.12/site-packages/sklearn/utils/validation.py:2691: UserWarning: X does not have valid feature names, but LGBMRegressor was fitted with feature names
  warnings.warn(
/home/shivamguptanit/github/us-rl-portfolio/.venv/lib/python3.12/site-packages/sklearn/utils/validation.py:2691: UserWarning: X does not have valid feature names, but LGBMRegressor was fitted with feature names
  warnings.warn(
/home/shivamguptanit/github/us-rl-portfolio/.venv/lib/python3.12/site-packages/sklearn/utils/validation.py:2691: UserWarning: X does not have valid feature names, but LGBMRegressor was fitted with feature names
  warnings.warn(
/home/shivamguptanit/github/us-rl-portfolio/.venv/lib/python3.12/site-packages/sklearn/utils/validation.py:2691: UserWarning: X does not have valid feature names, but LGBMRegressor was fitted with feature names
  warnings.warn(
/home/shivamguptanit/github/us-rl-portfolio/.venv/lib/python3.12/site-packages/sklearn/utils/validation.py:2691: UserWarning: X does not have valid feature names, but LGBMRegressor was fitted with feature names
  warnings.warn(
/home/shivamguptanit/github/us-rl-portfolio/.venv/lib/python3.12/site-packages/sklearn/utils/validation.py:2691: UserWarning: X does not have valid feature names, but LGBMRegressor was fitted with feature names
  warnings.warn(
/home/shivamguptanit/github/us-rl-portfolio/.venv/lib/python3.12/site-packages/sklearn/utils/validation.py:2691: UserWarning: X does not have valid feature names, but LGBMRegressor was fitted with feature names
  warnings.warn(
/home/shivamguptanit/github/us-rl-portfolio/.venv/lib/python3.12/site-packages/sklearn/utils/validation.py:2691: UserWarning: X does not have valid feature names, but LGBMRegressor was fitted with feature names
  warnings.warn(
/home/shivamguptanit/github/us-rl-portfolio/.venv/lib/python3.12/site-packages/sklearn/utils/validation.py:2691: UserWarning: X does not have valid feature names, but LGBMRegressor was fitted with feature names
  warnings.warn(
/home/shivamguptanit/github/us-rl-portfolio/.venv/lib/python3.12/site-packages/sklearn/utils/validation.py:2691: UserWarning: X does not have valid feature names, but LGBMRegressor was fitted with feature names
  warnings.warn(
/home/shivamguptanit/github/us-rl-portfolio/.venv/lib/python3.12/site-packages/sklearn/utils/validation.py:2691: UserWarning: X does not have valid feature names, but LGBMRegressor was fitted with feature names
  warnings.warn(
/home/shivamguptanit/github/us-rl-portfolio/.venv/lib/python3.12/site-packages/sklearn/utils/validation.py:2691: UserWarning: X does not have valid feature names, but LGBMRegressor was fitted with feature names
  warnings.warn(
/home/shivamguptanit/github/us-rl-portfolio/.venv/lib/python3.12/site-packages/sklearn/utils/validation.py:2691: UserWarning: X does not have valid feature names, but LGBMRegressor was fitted with feature names
  warnings.warn(
/home/shivamguptanit/github/us-rl-portfolio/.venv/lib/python3.12/site-packages/sklearn/utils/validation.py:2691: UserWarning: X does not have valid feature names, but LGBMRegressor was fitted with feature names
  warnings.warn(
/home/shivamguptanit/github/us-rl-portfolio/.venv/lib/python3.12/site-packages/sklearn/utils/validation.py:2691: UserWarning: X does not have valid feature names, but LGBMRegressor was fitted with feature names
  warnings.warn(
/home/shivamguptanit/github/us-rl-portfolio/.venv/lib/python3.12/site-packages/sklearn/utils/validation.py:2691: UserWarning: X does not have valid feature names, but LGBMRegressor was fitted with feature names
  warnings.warn(
/home/shivamguptanit/github/us-rl-portfolio/.venv/lib/python3.12/site-packages/sklearn/utils/validation.py:2691: UserWarning: X does not have valid feature names, but LGBMRegressor was fitted with feature names
  warnings.warn(
/home/shivamguptanit/github/us-rl-portfolio/.venv/lib/python3.12/site-packages/sklearn/utils/validation.py:2691: UserWarning: X does not have valid feature names, but LGBMRegressor was fitted with feature names
  warnings.warn(
/home/shivamguptanit/github/us-rl-portfolio/.venv/lib/python3.12/site-packages/sklearn/utils/validation.py:2691: UserWarning: X does not have valid feature names, but LGBMRegressor was fitted with feature names
  warnings.warn(
/home/shivamguptanit/github/us-rl-portfolio/.venv/lib/python3.12/site-packages/sklearn/utils/validation.py:2691: UserWarning: X does not have valid feature names, but LGBMRegressor was fitted with feature names
  warnings.warn(
/home/shivamguptanit/github/us-rl-portfolio/.venv/lib/python3.12/site-packages/sklearn/utils/validation.py:2691: UserWarning: X does not have valid feature names, but LGBMRegressor was fitted with feature names
  warnings.warn(
/home/shivamguptanit/github/us-rl-portfolio/.venv/lib/python3.12/site-packages/sklearn/utils/validation.py:2691: UserWarning: X does not have valid feature names, but LGBMRegressor was fitted with feature names
  warnings.warn(
/home/shivamguptanit/github/us-rl-portfolio/.venv/lib/python3.12/site-packages/sklearn/utils/validation.py:2691: UserWarning: X does not have valid feature names, but LGBMRegressor was fitted with feature names
  warnings.warn(
/home/shivamguptanit/github/us-rl-portfolio/.venv/lib/python3.12/site-packages/sklearn/utils/validation.py:2691: UserWarning: X does not have valid feature names, but LGBMRegressor was fitted with feature names
  warnings.warn(
/home/shivamguptanit/github/us-rl-portfolio/.venv/lib/python3.12/site-packages/sklearn/utils/validation.py:2691: UserWarning: X does not have valid feature names, but LGBMRegressor was fitted with feature names
  warnings.warn(
/home/shivamguptanit/github/us-rl-portfolio/.venv/lib/python3.12/site-packages/sklearn/utils/validation.py:2691: UserWarning: X does not have valid feature names, but LGBMRegressor was fitted with feature names
  warnings.warn(
/home/shivamguptanit/github/us-rl-portfolio/.venv/lib/python3.12/site-packages/sklearn/utils/validation.py:2691: UserWarning: X does not have valid feature names, but LGBMRegressor was fitted with feature names
  warnings.warn(
/home/shivamguptanit/github/us-rl-portfolio/.venv/lib/python3.12/site-packages/sklearn/utils/validation.py:2691: UserWarning: X does not have valid feature names, but LGBMRegressor was fitted with feature names
  warnings.warn(
/home/shivamguptanit/github/us-rl-portfolio/.venv/lib/python3.12/site-packages/sklearn/utils/validation.py:2691: UserWarning: X does not have valid feature names, but LGBMRegressor was fitted with feature names
  warnings.warn(
/home/shivamguptanit/github/us-rl-portfolio/.venv/lib/python3.12/site-packages/sklearn/utils/validation.py:2691: UserWarning: X does not have valid feature names, but LGBMRegressor was fitted with feature names
  warnings.warn(
/home/shivamguptanit/github/us-rl-portfolio/.venv/lib/python3.12/site-packages/sklearn/utils/validation.py:2691: UserWarning: X does not have valid feature names, but LGBMRegressor was fitted with feature names
  warnings.warn(
/home/shivamguptanit/github/us-rl-portfolio/.venv/lib/python3.12/site-packages/sklearn/utils/validation.py:2691: UserWarning: X does not have valid feature names, but LGBMRegressor was fitted with feature names
  warnings.warn(
/home/shivamguptanit/github/us-rl-portfolio/.venv/lib/python3.12/site-packages/sklearn/utils/validation.py:2691: UserWarning: X does not have valid feature names, but LGBMRegressor was fitted with feature names
  warnings.warn(
/home/shivamguptanit/github/us-rl-portfolio/.venv/lib/python3.12/site-packages/sklearn/utils/validation.py:2691: UserWarning: X does not have valid feature names, but LGBMRegressor was fitted with feature names
  warnings.warn(
/home/shivamguptanit/github/us-rl-portfolio/.venv/lib/python3.12/site-packages/sklearn/utils/validation.py:2691: UserWarning: X does not have valid feature names, but LGBMRegressor was fitted with feature names
  warnings.warn(
/home/shivamguptanit/github/us-rl-portfolio/.venv/lib/python3.12/site-packages/sklearn/utils/validation.py:2691: UserWarning: X does not have valid feature names, but LGBMRegressor was fitted with feature names
  warnings.warn(
/home/shivamguptanit/github/us-rl-portfolio/.venv/lib/python3.12/site-packages/sklearn/utils/validation.py:2691: UserWarning: X does not have valid feature names, but LGBMRegressor was fitted with feature names
  warnings.warn(
/home/shivamguptanit/github/us-rl-portfolio/.venv/lib/python3.12/site-packages/sklearn/utils/validation.py:2691: UserWarning: X does not have valid feature names, but LGBMRegressor was fitted with feature names
  warnings.warn(
/home/shivamguptanit/github/us-rl-portfolio/.venv/lib/python3.12/site-packages/sklearn/utils/validation.py:2691: UserWarning: X does not have valid feature names, but LGBMRegressor was fitted with feature names
  warnings.warn(
/home/shivamguptanit/github/us-rl-portfolio/.venv/lib/python3.12/site-packages/sklearn/utils/validation.py:2691: UserWarning: X does not have valid feature names, but LGBMRegressor was fitted with feature names
  warnings.warn(
/home/shivamguptanit/github/us-rl-portfolio/.venv/lib/python3.12/site-packages/sklearn/utils/validation.py:2691: UserWarning: X does not have valid feature names, but LGBMRegressor was fitted with feature names
  warnings.warn(
/home/shivamguptanit/github/us-rl-portfolio/.venv/lib/python3.12/site-packages/sklearn/utils/validation.py:2691: UserWarning: X does not have valid feature names, but LGBMRegressor was fitted with feature names
  warnings.warn(
/home/shivamguptanit/github/us-rl-portfolio/.venv/lib/python3.12/site-packages/sklearn/utils/validation.py:2691: UserWarning: X does not have valid feature names, but LGBMRegressor was fitted with feature names
  warnings.warn(
2026-05-01 11:38:05,000 INFO     IC Sharpe=-1.0187 (36.8s)
2026-05-01 11:38:05,000 INFO   [6/7] no_anti_predictive (14 features)...
/home/shivamguptanit/github/us-rl-portfolio/.venv/lib/python3.12/site-packages/sklearn/utils/validation.py:2691: UserWarning: X does not have valid feature names, but LGBMRegressor was fitted with feature names
  warnings.warn(
/home/shivamguptanit/github/us-rl-portfolio/.venv/lib/python3.12/site-packages/sklearn/utils/validation.py:2691: UserWarning: X does not have valid feature names, but LGBMRegressor was fitted with feature names
  warnings.warn(
/home/shivamguptanit/github/us-rl-portfolio/.venv/lib/python3.12/site-packages/sklearn/utils/validation.py:2691: UserWarning: X does not have valid feature names, but LGBMRegressor was fitted with feature names
  warnings.warn(
/home/shivamguptanit/github/us-rl-portfolio/.venv/lib/python3.12/site-packages/sklearn/utils/validation.py:2691: UserWarning: X does not have valid feature names, but LGBMRegressor was fitted with feature names
  warnings.warn(
/home/shivamguptanit/github/us-rl-portfolio/.venv/lib/python3.12/site-packages/sklearn/utils/validation.py:2691: UserWarning: X does not have valid feature names, but LGBMRegressor was fitted with feature names
  warnings.warn(
/home/shivamguptanit/github/us-rl-portfolio/.venv/lib/python3.12/site-packages/sklearn/utils/validation.py:2691: UserWarning: X does not have valid feature names, but LGBMRegressor was fitted with feature names
  warnings.warn(
/home/shivamguptanit/github/us-rl-portfolio/.venv/lib/python3.12/site-packages/sklearn/utils/validation.py:2691: UserWarning: X does not have valid feature names, but LGBMRegressor was fitted with feature names
  warnings.warn(
/home/shivamguptanit/github/us-rl-portfolio/.venv/lib/python3.12/site-packages/sklearn/utils/validation.py:2691: UserWarning: X does not have valid feature names, but LGBMRegressor was fitted with feature names
  warnings.warn(
/home/shivamguptanit/github/us-rl-portfolio/.venv/lib/python3.12/site-packages/sklearn/utils/validation.py:2691: UserWarning: X does not have valid feature names, but LGBMRegressor was fitted with feature names
  warnings.warn(
/home/shivamguptanit/github/us-rl-portfolio/.venv/lib/python3.12/site-packages/sklearn/utils/validation.py:2691: UserWarning: X does not have valid feature names, but LGBMRegressor was fitted with feature names
  warnings.warn(
/home/shivamguptanit/github/us-rl-portfolio/.venv/lib/python3.12/site-packages/sklearn/utils/validation.py:2691: UserWarning: X does not have valid feature names, but LGBMRegressor was fitted with feature names
  warnings.warn(
/home/shivamguptanit/github/us-rl-portfolio/.venv/lib/python3.12/site-packages/sklearn/utils/validation.py:2691: UserWarning: X does not have valid feature names, but LGBMRegressor was fitted with feature names
  warnings.warn(
/home/shivamguptanit/github/us-rl-portfolio/.venv/lib/python3.12/site-packages/sklearn/utils/validation.py:2691: UserWarning: X does not have valid feature names, but LGBMRegressor was fitted with feature names
  warnings.warn(
/home/shivamguptanit/github/us-rl-portfolio/.venv/lib/python3.12/site-packages/sklearn/utils/validation.py:2691: UserWarning: X does not have valid feature names, but LGBMRegressor was fitted with feature names
  warnings.warn(
/home/shivamguptanit/github/us-rl-portfolio/.venv/lib/python3.12/site-packages/sklearn/utils/validation.py:2691: UserWarning: X does not have valid feature names, but LGBMRegressor was fitted with feature names
  warnings.warn(
/home/shivamguptanit/github/us-rl-portfolio/.venv/lib/python3.12/site-packages/sklearn/utils/validation.py:2691: UserWarning: X does not have valid feature names, but LGBMRegressor was fitted with feature names
  warnings.warn(
/home/shivamguptanit/github/us-rl-portfolio/.venv/lib/python3.12/site-packages/sklearn/utils/validation.py:2691: UserWarning: X does not have valid feature names, but LGBMRegressor was fitted with feature names
  warnings.warn(
/home/shivamguptanit/github/us-rl-portfolio/.venv/lib/python3.12/site-packages/sklearn/utils/validation.py:2691: UserWarning: X does not have valid feature names, but LGBMRegressor was fitted with feature names
  warnings.warn(
/home/shivamguptanit/github/us-rl-portfolio/.venv/lib/python3.12/site-packages/sklearn/utils/validation.py:2691: UserWarning: X does not have valid feature names, but LGBMRegressor was fitted with feature names
  warnings.warn(
/home/shivamguptanit/github/us-rl-portfolio/.venv/lib/python3.12/site-packages/sklearn/utils/validation.py:2691: UserWarning: X does not have valid feature names, but LGBMRegressor was fitted with feature names
  warnings.warn(
/home/shivamguptanit/github/us-rl-portfolio/.venv/lib/python3.12/site-packages/sklearn/utils/validation.py:2691: UserWarning: X does not have valid feature names, but LGBMRegressor was fitted with feature names
  warnings.warn(
/home/shivamguptanit/github/us-rl-portfolio/.venv/lib/python3.12/site-packages/sklearn/utils/validation.py:2691: UserWarning: X does not have valid feature names, but LGBMRegressor was fitted with feature names
  warnings.warn(
/home/shivamguptanit/github/us-rl-portfolio/.venv/lib/python3.12/site-packages/sklearn/utils/validation.py:2691: UserWarning: X does not have valid feature names, but LGBMRegressor was fitted with feature names
  warnings.warn(
/home/shivamguptanit/github/us-rl-portfolio/.venv/lib/python3.12/site-packages/sklearn/utils/validation.py:2691: UserWarning: X does not have valid feature names, but LGBMRegressor was fitted with feature names
  warnings.warn(
/home/shivamguptanit/github/us-rl-portfolio/.venv/lib/python3.12/site-packages/sklearn/utils/validation.py:2691: UserWarning: X does not have valid feature names, but LGBMRegressor was fitted with feature names
  warnings.warn(
/home/shivamguptanit/github/us-rl-portfolio/.venv/lib/python3.12/site-packages/sklearn/utils/validation.py:2691: UserWarning: X does not have valid feature names, but LGBMRegressor was fitted with feature names
  warnings.warn(
/home/shivamguptanit/github/us-rl-portfolio/.venv/lib/python3.12/site-packages/sklearn/utils/validation.py:2691: UserWarning: X does not have valid feature names, but LGBMRegressor was fitted with feature names
  warnings.warn(
/home/shivamguptanit/github/us-rl-portfolio/.venv/lib/python3.12/site-packages/sklearn/utils/validation.py:2691: UserWarning: X does not have valid feature names, but LGBMRegressor was fitted with feature names
  warnings.warn(
/home/shivamguptanit/github/us-rl-portfolio/.venv/lib/python3.12/site-packages/sklearn/utils/validation.py:2691: UserWarning: X does not have valid feature names, but LGBMRegressor was fitted with feature names
  warnings.warn(
/home/shivamguptanit/github/us-rl-portfolio/.venv/lib/python3.12/site-packages/sklearn/utils/validation.py:2691: UserWarning: X does not have valid feature names, but LGBMRegressor was fitted with feature names
  warnings.warn(
/home/shivamguptanit/github/us-rl-portfolio/.venv/lib/python3.12/site-packages/sklearn/utils/validation.py:2691: UserWarning: X does not have valid feature names, but LGBMRegressor was fitted with feature names
  warnings.warn(
/home/shivamguptanit/github/us-rl-portfolio/.venv/lib/python3.12/site-packages/sklearn/utils/validation.py:2691: UserWarning: X does not have valid feature names, but LGBMRegressor was fitted with feature names
  warnings.warn(
/home/shivamguptanit/github/us-rl-portfolio/.venv/lib/python3.12/site-packages/sklearn/utils/validation.py:2691: UserWarning: X does not have valid feature names, but LGBMRegressor was fitted with feature names
  warnings.warn(
/home/shivamguptanit/github/us-rl-portfolio/.venv/lib/python3.12/site-packages/sklearn/utils/validation.py:2691: UserWarning: X does not have valid feature names, but LGBMRegressor was fitted with feature names
  warnings.warn(
/home/shivamguptanit/github/us-rl-portfolio/.venv/lib/python3.12/site-packages/sklearn/utils/validation.py:2691: UserWarning: X does not have valid feature names, but LGBMRegressor was fitted with feature names
  warnings.warn(
/home/shivamguptanit/github/us-rl-portfolio/.venv/lib/python3.12/site-packages/sklearn/utils/validation.py:2691: UserWarning: X does not have valid feature names, but LGBMRegressor was fitted with feature names
  warnings.warn(
/home/shivamguptanit/github/us-rl-portfolio/.venv/lib/python3.12/site-packages/sklearn/utils/validation.py:2691: UserWarning: X does not have valid feature names, but LGBMRegressor was fitted with feature names
  warnings.warn(
/home/shivamguptanit/github/us-rl-portfolio/.venv/lib/python3.12/site-packages/sklearn/utils/validation.py:2691: UserWarning: X does not have valid feature names, but LGBMRegressor was fitted with feature names
  warnings.warn(
/home/shivamguptanit/github/us-rl-portfolio/.venv/lib/python3.12/site-packages/sklearn/utils/validation.py:2691: UserWarning: X does not have valid feature names, but LGBMRegressor was fitted with feature names
  warnings.warn(
/home/shivamguptanit/github/us-rl-portfolio/.venv/lib/python3.12/site-packages/sklearn/utils/validation.py:2691: UserWarning: X does not have valid feature names, but LGBMRegressor was fitted with feature names
  warnings.warn(
/home/shivamguptanit/github/us-rl-portfolio/.venv/lib/python3.12/site-packages/sklearn/utils/validation.py:2691: UserWarning: X does not have valid feature names, but LGBMRegressor was fitted with feature names
  warnings.warn(
/home/shivamguptanit/github/us-rl-portfolio/.venv/lib/python3.12/site-packages/sklearn/utils/validation.py:2691: UserWarning: X does not have valid feature names, but LGBMRegressor was fitted with feature names
  warnings.warn(
/home/shivamguptanit/github/us-rl-portfolio/.venv/lib/python3.12/site-packages/sklearn/utils/validation.py:2691: UserWarning: X does not have valid feature names, but LGBMRegressor was fitted with feature names
  warnings.warn(
/home/shivamguptanit/github/us-rl-portfolio/.venv/lib/python3.12/site-packages/sklearn/utils/validation.py:2691: UserWarning: X does not have valid feature names, but LGBMRegressor was fitted with feature names
  warnings.warn(
/home/shivamguptanit/github/us-rl-portfolio/.venv/lib/python3.12/site-packages/sklearn/utils/validation.py:2691: UserWarning: X does not have valid feature names, but LGBMRegressor was fitted with feature names
  warnings.warn(
/home/shivamguptanit/github/us-rl-portfolio/.venv/lib/python3.12/site-packages/sklearn/utils/validation.py:2691: UserWarning: X does not have valid feature names, but LGBMRegressor was fitted with feature names
  warnings.warn(
/home/shivamguptanit/github/us-rl-portfolio/.venv/lib/python3.12/site-packages/sklearn/utils/validation.py:2691: UserWarning: X does not have valid feature names, but LGBMRegressor was fitted with feature names
  warnings.warn(
/home/shivamguptanit/github/us-rl-portfolio/.venv/lib/python3.12/site-packages/sklearn/utils/validation.py:2691: UserWarning: X does not have valid feature names, but LGBMRegressor was fitted with feature names
  warnings.warn(
/home/shivamguptanit/github/us-rl-portfolio/.venv/lib/python3.12/site-packages/sklearn/utils/validation.py:2691: UserWarning: X does not have valid feature names, but LGBMRegressor was fitted with feature names
  warnings.warn(
/home/shivamguptanit/github/us-rl-portfolio/.venv/lib/python3.12/site-packages/sklearn/utils/validation.py:2691: UserWarning: X does not have valid feature names, but LGBMRegressor was fitted with feature names
  warnings.warn(
/home/shivamguptanit/github/us-rl-portfolio/.venv/lib/python3.12/site-packages/sklearn/utils/validation.py:2691: UserWarning: X does not have valid feature names, but LGBMRegressor was fitted with feature names
  warnings.warn(
/home/shivamguptanit/github/us-rl-portfolio/.venv/lib/python3.12/site-packages/sklearn/utils/validation.py:2691: UserWarning: X does not have valid feature names, but LGBMRegressor was fitted with feature names
  warnings.warn(
/home/shivamguptanit/github/us-rl-portfolio/.venv/lib/python3.12/site-packages/sklearn/utils/validation.py:2691: UserWarning: X does not have valid feature names, but LGBMRegressor was fitted with feature names
  warnings.warn(
/home/shivamguptanit/github/us-rl-portfolio/.venv/lib/python3.12/site-packages/sklearn/utils/validation.py:2691: UserWarning: X does not have valid feature names, but LGBMRegressor was fitted with feature names
  warnings.warn(
/home/shivamguptanit/github/us-rl-portfolio/.venv/lib/python3.12/site-packages/sklearn/utils/validation.py:2691: UserWarning: X does not have valid feature names, but LGBMRegressor was fitted with feature names
  warnings.warn(
/home/shivamguptanit/github/us-rl-portfolio/.venv/lib/python3.12/site-packages/sklearn/utils/validation.py:2691: UserWarning: X does not have valid feature names, but LGBMRegressor was fitted with feature names
  warnings.warn(
/home/shivamguptanit/github/us-rl-portfolio/.venv/lib/python3.12/site-packages/sklearn/utils/validation.py:2691: UserWarning: X does not have valid feature names, but LGBMRegressor was fitted with feature names
  warnings.warn(
/home/shivamguptanit/github/us-rl-portfolio/.venv/lib/python3.12/site-packages/sklearn/utils/validation.py:2691: UserWarning: X does not have valid feature names, but LGBMRegressor was fitted with feature names
  warnings.warn(
/home/shivamguptanit/github/us-rl-portfolio/.venv/lib/python3.12/site-packages/sklearn/utils/validation.py:2691: UserWarning: X does not have valid feature names, but LGBMRegressor was fitted with feature names
  warnings.warn(
/home/shivamguptanit/github/us-rl-portfolio/.venv/lib/python3.12/site-packages/sklearn/utils/validation.py:2691: UserWarning: X does not have valid feature names, but LGBMRegressor was fitted with feature names
  warnings.warn(
/home/shivamguptanit/github/us-rl-portfolio/.venv/lib/python3.12/site-packages/sklearn/utils/validation.py:2691: UserWarning: X does not have valid feature names, but LGBMRegressor was fitted with feature names
  warnings.warn(
/home/shivamguptanit/github/us-rl-portfolio/.venv/lib/python3.12/site-packages/sklearn/utils/validation.py:2691: UserWarning: X does not have valid feature names, but LGBMRegressor was fitted with feature names
  warnings.warn(
/home/shivamguptanit/github/us-rl-portfolio/.venv/lib/python3.12/site-packages/sklearn/utils/validation.py:2691: UserWarning: X does not have valid feature names, but LGBMRegressor was fitted with feature names
  warnings.warn(
/home/shivamguptanit/github/us-rl-portfolio/.venv/lib/python3.12/site-packages/sklearn/utils/validation.py:2691: UserWarning: X does not have valid feature names, but LGBMRegressor was fitted with feature names
  warnings.warn(
/home/shivamguptanit/github/us-rl-portfolio/.venv/lib/python3.12/site-packages/sklearn/utils/validation.py:2691: UserWarning: X does not have valid feature names, but LGBMRegressor was fitted with feature names
  warnings.warn(
/home/shivamguptanit/github/us-rl-portfolio/.venv/lib/python3.12/site-packages/sklearn/utils/validation.py:2691: UserWarning: X does not have valid feature names, but LGBMRegressor was fitted with feature names
  warnings.warn(
/home/shivamguptanit/github/us-rl-portfolio/.venv/lib/python3.12/site-packages/sklearn/utils/validation.py:2691: UserWarning: X does not have valid feature names, but LGBMRegressor was fitted with feature names
  warnings.warn(
/home/shivamguptanit/github/us-rl-portfolio/.venv/lib/python3.12/site-packages/sklearn/utils/validation.py:2691: UserWarning: X does not have valid feature names, but LGBMRegressor was fitted with feature names
  warnings.warn(
/home/shivamguptanit/github/us-rl-portfolio/.venv/lib/python3.12/site-packages/sklearn/utils/validation.py:2691: UserWarning: X does not have valid feature names, but LGBMRegressor was fitted with feature names
  warnings.warn(
/home/shivamguptanit/github/us-rl-portfolio/.venv/lib/python3.12/site-packages/sklearn/utils/validation.py:2691: UserWarning: X does not have valid feature names, but LGBMRegressor was fitted with feature names
  warnings.warn(
/home/shivamguptanit/github/us-rl-portfolio/.venv/lib/python3.12/site-packages/sklearn/utils/validation.py:2691: UserWarning: X does not have valid feature names, but LGBMRegressor was fitted with feature names
  warnings.warn(
/home/shivamguptanit/github/us-rl-portfolio/.venv/lib/python3.12/site-packages/sklearn/utils/validation.py:2691: UserWarning: X does not have valid feature names, but LGBMRegressor was fitted with feature names
  warnings.warn(
/home/shivamguptanit/github/us-rl-portfolio/.venv/lib/python3.12/site-packages/sklearn/utils/validation.py:2691: UserWarning: X does not have valid feature names, but LGBMRegressor was fitted with feature names
  warnings.warn(
/home/shivamguptanit/github/us-rl-portfolio/.venv/lib/python3.12/site-packages/sklearn/utils/validation.py:2691: UserWarning: X does not have valid feature names, but LGBMRegressor was fitted with feature names
  warnings.warn(
/home/shivamguptanit/github/us-rl-portfolio/.venv/lib/python3.12/site-packages/sklearn/utils/validation.py:2691: UserWarning: X does not have valid feature names, but LGBMRegressor was fitted with feature names
  warnings.warn(
/home/shivamguptanit/github/us-rl-portfolio/.venv/lib/python3.12/site-packages/sklearn/utils/validation.py:2691: UserWarning: X does not have valid feature names, but LGBMRegressor was fitted with feature names
  warnings.warn(
/home/shivamguptanit/github/us-rl-portfolio/.venv/lib/python3.12/site-packages/sklearn/utils/validation.py:2691: UserWarning: X does not have valid feature names, but LGBMRegressor was fitted with feature names
  warnings.warn(
/home/shivamguptanit/github/us-rl-portfolio/.venv/lib/python3.12/site-packages/sklearn/utils/validation.py:2691: UserWarning: X does not have valid feature names, but LGBMRegressor was fitted with feature names
  warnings.warn(
/home/shivamguptanit/github/us-rl-portfolio/.venv/lib/python3.12/site-packages/sklearn/utils/validation.py:2691: UserWarning: X does not have valid feature names, but LGBMRegressor was fitted with feature names
  warnings.warn(
/home/shivamguptanit/github/us-rl-portfolio/.venv/lib/python3.12/site-packages/sklearn/utils/validation.py:2691: UserWarning: X does not have valid feature names, but LGBMRegressor was fitted with feature names
  warnings.warn(
/home/shivamguptanit/github/us-rl-portfolio/.venv/lib/python3.12/site-packages/sklearn/utils/validation.py:2691: UserWarning: X does not have valid feature names, but LGBMRegressor was fitted with feature names
  warnings.warn(
/home/shivamguptanit/github/us-rl-portfolio/.venv/lib/python3.12/site-packages/sklearn/utils/validation.py:2691: UserWarning: X does not have valid feature names, but LGBMRegressor was fitted with feature names
  warnings.warn(
/home/shivamguptanit/github/us-rl-portfolio/.venv/lib/python3.12/site-packages/sklearn/utils/validation.py:2691: UserWarning: X does not have valid feature names, but LGBMRegressor was fitted with feature names
  warnings.warn(
/home/shivamguptanit/github/us-rl-portfolio/.venv/lib/python3.12/site-packages/sklearn/utils/validation.py:2691: UserWarning: X does not have valid feature names, but LGBMRegressor was fitted with feature names
  warnings.warn(
/home/shivamguptanit/github/us-rl-portfolio/.venv/lib/python3.12/site-packages/sklearn/utils/validation.py:2691: UserWarning: X does not have valid feature names, but LGBMRegressor was fitted with feature names
  warnings.warn(
/home/shivamguptanit/github/us-rl-portfolio/.venv/lib/python3.12/site-packages/sklearn/utils/validation.py:2691: UserWarning: X does not have valid feature names, but LGBMRegressor was fitted with feature names
  warnings.warn(
/home/shivamguptanit/github/us-rl-portfolio/.venv/lib/python3.12/site-packages/sklearn/utils/validation.py:2691: UserWarning: X does not have valid feature names, but LGBMRegressor was fitted with feature names
  warnings.warn(
/home/shivamguptanit/github/us-rl-portfolio/.venv/lib/python3.12/site-packages/sklearn/utils/validation.py:2691: UserWarning: X does not have valid feature names, but LGBMRegressor was fitted with feature names
  warnings.warn(
/home/shivamguptanit/github/us-rl-portfolio/.venv/lib/python3.12/site-packages/sklearn/utils/validation.py:2691: UserWarning: X does not have valid feature names, but LGBMRegressor was fitted with feature names
  warnings.warn(
/home/shivamguptanit/github/us-rl-portfolio/.venv/lib/python3.12/site-packages/sklearn/utils/validation.py:2691: UserWarning: X does not have valid feature names, but LGBMRegressor was fitted with feature names
  warnings.warn(
/home/shivamguptanit/github/us-rl-portfolio/.venv/lib/python3.12/site-packages/sklearn/utils/validation.py:2691: UserWarning: X does not have valid feature names, but LGBMRegressor was fitted with feature names
  warnings.warn(
/home/shivamguptanit/github/us-rl-portfolio/.venv/lib/python3.12/site-packages/sklearn/utils/validation.py:2691: UserWarning: X does not have valid feature names, but LGBMRegressor was fitted with feature names
  warnings.warn(
/home/shivamguptanit/github/us-rl-portfolio/.venv/lib/python3.12/site-packages/sklearn/utils/validation.py:2691: UserWarning: X does not have valid feature names, but LGBMRegressor was fitted with feature names
  warnings.warn(
/home/shivamguptanit/github/us-rl-portfolio/.venv/lib/python3.12/site-packages/sklearn/utils/validation.py:2691: UserWarning: X does not have valid feature names, but LGBMRegressor was fitted with feature names
  warnings.warn(
/home/shivamguptanit/github/us-rl-portfolio/.venv/lib/python3.12/site-packages/sklearn/utils/validation.py:2691: UserWarning: X does not have valid feature names, but LGBMRegressor was fitted with feature names
  warnings.warn(
2026-05-01 11:38:47,527 INFO     IC Sharpe=-1.0053 (42.5s)
2026-05-01 11:38:47,527 INFO   [7/7] all_features (32 features)...
/home/shivamguptanit/github/us-rl-portfolio/.venv/lib/python3.12/site-packages/sklearn/utils/validation.py:2691: UserWarning: X does not have valid feature names, but LGBMRegressor was fitted with feature names
  warnings.warn(
/home/shivamguptanit/github/us-rl-portfolio/.venv/lib/python3.12/site-packages/sklearn/utils/validation.py:2691: UserWarning: X does not have valid feature names, but LGBMRegressor was fitted with feature names
  warnings.warn(
/home/shivamguptanit/github/us-rl-portfolio/.venv/lib/python3.12/site-packages/sklearn/utils/validation.py:2691: UserWarning: X does not have valid feature names, but LGBMRegressor was fitted with feature names
  warnings.warn(
/home/shivamguptanit/github/us-rl-portfolio/.venv/lib/python3.12/site-packages/sklearn/utils/validation.py:2691: UserWarning: X does not have valid feature names, but LGBMRegressor was fitted with feature names
  warnings.warn(
/home/shivamguptanit/github/us-rl-portfolio/.venv/lib/python3.12/site-packages/sklearn/utils/validation.py:2691: UserWarning: X does not have valid feature names, but LGBMRegressor was fitted with feature names
  warnings.warn(
/home/shivamguptanit/github/us-rl-portfolio/.venv/lib/python3.12/site-packages/sklearn/utils/validation.py:2691: UserWarning: X does not have valid feature names, but LGBMRegressor was fitted with feature names
  warnings.warn(
/home/shivamguptanit/github/us-rl-portfolio/.venv/lib/python3.12/site-packages/sklearn/utils/validation.py:2691: UserWarning: X does not have valid feature names, but LGBMRegressor was fitted with feature names
  warnings.warn(
/home/shivamguptanit/github/us-rl-portfolio/.venv/lib/python3.12/site-packages/sklearn/utils/validation.py:2691: UserWarning: X does not have valid feature names, but LGBMRegressor was fitted with feature names
  warnings.warn(
/home/shivamguptanit/github/us-rl-portfolio/.venv/lib/python3.12/site-packages/sklearn/utils/validation.py:2691: UserWarning: X does not have valid feature names, but LGBMRegressor was fitted with feature names
  warnings.warn(
/home/shivamguptanit/github/us-rl-portfolio/.venv/lib/python3.12/site-packages/sklearn/utils/validation.py:2691: UserWarning: X does not have valid feature names, but LGBMRegressor was fitted with feature names
  warnings.warn(
/home/shivamguptanit/github/us-rl-portfolio/.venv/lib/python3.12/site-packages/sklearn/utils/validation.py:2691: UserWarning: X does not have valid feature names, but LGBMRegressor was fitted with feature names
  warnings.warn(
/home/shivamguptanit/github/us-rl-portfolio/.venv/lib/python3.12/site-packages/sklearn/utils/validation.py:2691: UserWarning: X does not have valid feature names, but LGBMRegressor was fitted with feature names
  warnings.warn(
/home/shivamguptanit/github/us-rl-portfolio/.venv/lib/python3.12/site-packages/sklearn/utils/validation.py:2691: UserWarning: X does not have valid feature names, but LGBMRegressor was fitted with feature names
  warnings.warn(
/home/shivamguptanit/github/us-rl-portfolio/.venv/lib/python3.12/site-packages/sklearn/utils/validation.py:2691: UserWarning: X does not have valid feature names, but LGBMRegressor was fitted with feature names
  warnings.warn(
/home/shivamguptanit/github/us-rl-portfolio/.venv/lib/python3.12/site-packages/sklearn/utils/validation.py:2691: UserWarning: X does not have valid feature names, but LGBMRegressor was fitted with feature names
  warnings.warn(
/home/shivamguptanit/github/us-rl-portfolio/.venv/lib/python3.12/site-packages/sklearn/utils/validation.py:2691: UserWarning: X does not have valid feature names, but LGBMRegressor was fitted with feature names
  warnings.warn(
/home/shivamguptanit/github/us-rl-portfolio/.venv/lib/python3.12/site-packages/sklearn/utils/validation.py:2691: UserWarning: X does not have valid feature names, but LGBMRegressor was fitted with feature names
  warnings.warn(
/home/shivamguptanit/github/us-rl-portfolio/.venv/lib/python3.12/site-packages/sklearn/utils/validation.py:2691: UserWarning: X does not have valid feature names, but LGBMRegressor was fitted with feature names
  warnings.warn(
/home/shivamguptanit/github/us-rl-portfolio/.venv/lib/python3.12/site-packages/sklearn/utils/validation.py:2691: UserWarning: X does not have valid feature names, but LGBMRegressor was fitted with feature names
  warnings.warn(
/home/shivamguptanit/github/us-rl-portfolio/.venv/lib/python3.12/site-packages/sklearn/utils/validation.py:2691: UserWarning: X does not have valid feature names, but LGBMRegressor was fitted with feature names
  warnings.warn(
/home/shivamguptanit/github/us-rl-portfolio/.venv/lib/python3.12/site-packages/sklearn/utils/validation.py:2691: UserWarning: X does not have valid feature names, but LGBMRegressor was fitted with feature names
  warnings.warn(
/home/shivamguptanit/github/us-rl-portfolio/.venv/lib/python3.12/site-packages/sklearn/utils/validation.py:2691: UserWarning: X does not have valid feature names, but LGBMRegressor was fitted with feature names
  warnings.warn(
/home/shivamguptanit/github/us-rl-portfolio/.venv/lib/python3.12/site-packages/sklearn/utils/validation.py:2691: UserWarning: X does not have valid feature names, but LGBMRegressor was fitted with feature names
  warnings.warn(
/home/shivamguptanit/github/us-rl-portfolio/.venv/lib/python3.12/site-packages/sklearn/utils/validation.py:2691: UserWarning: X does not have valid feature names, but LGBMRegressor was fitted with feature names
  warnings.warn(
/home/shivamguptanit/github/us-rl-portfolio/.venv/lib/python3.12/site-packages/sklearn/utils/validation.py:2691: UserWarning: X does not have valid feature names, but LGBMRegressor was fitted with feature names
  warnings.warn(
/home/shivamguptanit/github/us-rl-portfolio/.venv/lib/python3.12/site-packages/sklearn/utils/validation.py:2691: UserWarning: X does not have valid feature names, but LGBMRegressor was fitted with feature names
  warnings.warn(
/home/shivamguptanit/github/us-rl-portfolio/.venv/lib/python3.12/site-packages/sklearn/utils/validation.py:2691: UserWarning: X does not have valid feature names, but LGBMRegressor was fitted with feature names
  warnings.warn(
/home/shivamguptanit/github/us-rl-portfolio/.venv/lib/python3.12/site-packages/sklearn/utils/validation.py:2691: UserWarning: X does not have valid feature names, but LGBMRegressor was fitted with feature names
  warnings.warn(
/home/shivamguptanit/github/us-rl-portfolio/.venv/lib/python3.12/site-packages/sklearn/utils/validation.py:2691: UserWarning: X does not have valid feature names, but LGBMRegressor was fitted with feature names
  warnings.warn(
/home/shivamguptanit/github/us-rl-portfolio/.venv/lib/python3.12/site-packages/sklearn/utils/validation.py:2691: UserWarning: X does not have valid feature names, but LGBMRegressor was fitted with feature names
  warnings.warn(
/home/shivamguptanit/github/us-rl-portfolio/.venv/lib/python3.12/site-packages/sklearn/utils/validation.py:2691: UserWarning: X does not have valid feature names, but LGBMRegressor was fitted with feature names
  warnings.warn(
/home/shivamguptanit/github/us-rl-portfolio/.venv/lib/python3.12/site-packages/sklearn/utils/validation.py:2691: UserWarning: X does not have valid feature names, but LGBMRegressor was fitted with feature names
  warnings.warn(
/home/shivamguptanit/github/us-rl-portfolio/.venv/lib/python3.12/site-packages/sklearn/utils/validation.py:2691: UserWarning: X does not have valid feature names, but LGBMRegressor was fitted with feature names
  warnings.warn(
/home/shivamguptanit/github/us-rl-portfolio/.venv/lib/python3.12/site-packages/sklearn/utils/validation.py:2691: UserWarning: X does not have valid feature names, but LGBMRegressor was fitted with feature names
  warnings.warn(
/home/shivamguptanit/github/us-rl-portfolio/.venv/lib/python3.12/site-packages/sklearn/utils/validation.py:2691: UserWarning: X does not have valid feature names, but LGBMRegressor was fitted with feature names
  warnings.warn(
/home/shivamguptanit/github/us-rl-portfolio/.venv/lib/python3.12/site-packages/sklearn/utils/validation.py:2691: UserWarning: X does not have valid feature names, but LGBMRegressor was fitted with feature names
  warnings.warn(
/home/shivamguptanit/github/us-rl-portfolio/.venv/lib/python3.12/site-packages/sklearn/utils/validation.py:2691: UserWarning: X does not have valid feature names, but LGBMRegressor was fitted with feature names
  warnings.warn(
/home/shivamguptanit/github/us-rl-portfolio/.venv/lib/python3.12/site-packages/sklearn/utils/validation.py:2691: UserWarning: X does not have valid feature names, but LGBMRegressor was fitted with feature names
  warnings.warn(
/home/shivamguptanit/github/us-rl-portfolio/.venv/lib/python3.12/site-packages/sklearn/utils/validation.py:2691: UserWarning: X does not have valid feature names, but LGBMRegressor was fitted with feature names
  warnings.warn(
/home/shivamguptanit/github/us-rl-portfolio/.venv/lib/python3.12/site-packages/sklearn/utils/validation.py:2691: UserWarning: X does not have valid feature names, but LGBMRegressor was fitted with feature names
  warnings.warn(
/home/shivamguptanit/github/us-rl-portfolio/.venv/lib/python3.12/site-packages/sklearn/utils/validation.py:2691: UserWarning: X does not have valid feature names, but LGBMRegressor was fitted with feature names
  warnings.warn(
/home/shivamguptanit/github/us-rl-portfolio/.venv/lib/python3.12/site-packages/sklearn/utils/validation.py:2691: UserWarning: X does not have valid feature names, but LGBMRegressor was fitted with feature names
  warnings.warn(
/home/shivamguptanit/github/us-rl-portfolio/.venv/lib/python3.12/site-packages/sklearn/utils/validation.py:2691: UserWarning: X does not have valid feature names, but LGBMRegressor was fitted with feature names
  warnings.warn(
/home/shivamguptanit/github/us-rl-portfolio/.venv/lib/python3.12/site-packages/sklearn/utils/validation.py:2691: UserWarning: X does not have valid feature names, but LGBMRegressor was fitted with feature names
  warnings.warn(
/home/shivamguptanit/github/us-rl-portfolio/.venv/lib/python3.12/site-packages/sklearn/utils/validation.py:2691: UserWarning: X does not have valid feature names, but LGBMRegressor was fitted with feature names
  warnings.warn(
/home/shivamguptanit/github/us-rl-portfolio/.venv/lib/python3.12/site-packages/sklearn/utils/validation.py:2691: UserWarning: X does not have valid feature names, but LGBMRegressor was fitted with feature names
  warnings.warn(
/home/shivamguptanit/github/us-rl-portfolio/.venv/lib/python3.12/site-packages/sklearn/utils/validation.py:2691: UserWarning: X does not have valid feature names, but LGBMRegressor was fitted with feature names
  warnings.warn(
/home/shivamguptanit/github/us-rl-portfolio/.venv/lib/python3.12/site-packages/sklearn/utils/validation.py:2691: UserWarning: X does not have valid feature names, but LGBMRegressor was fitted with feature names
  warnings.warn(
/home/shivamguptanit/github/us-rl-portfolio/.venv/lib/python3.12/site-packages/sklearn/utils/validation.py:2691: UserWarning: X does not have valid feature names, but LGBMRegressor was fitted with feature names
  warnings.warn(
/home/shivamguptanit/github/us-rl-portfolio/.venv/lib/python3.12/site-packages/sklearn/utils/validation.py:2691: UserWarning: X does not have valid feature names, but LGBMRegressor was fitted with feature names
  warnings.warn(
/home/shivamguptanit/github/us-rl-portfolio/.venv/lib/python3.12/site-packages/sklearn/utils/validation.py:2691: UserWarning: X does not have valid feature names, but LGBMRegressor was fitted with feature names
  warnings.warn(
/home/shivamguptanit/github/us-rl-portfolio/.venv/lib/python3.12/site-packages/sklearn/utils/validation.py:2691: UserWarning: X does not have valid feature names, but LGBMRegressor was fitted with feature names
  warnings.warn(
/home/shivamguptanit/github/us-rl-portfolio/.venv/lib/python3.12/site-packages/sklearn/utils/validation.py:2691: UserWarning: X does not have valid feature names, but LGBMRegressor was fitted with feature names
  warnings.warn(
/home/shivamguptanit/github/us-rl-portfolio/.venv/lib/python3.12/site-packages/sklearn/utils/validation.py:2691: UserWarning: X does not have valid feature names, but LGBMRegressor was fitted with feature names
  warnings.warn(
/home/shivamguptanit/github/us-rl-portfolio/.venv/lib/python3.12/site-packages/sklearn/utils/validation.py:2691: UserWarning: X does not have valid feature names, but LGBMRegressor was fitted with feature names
  warnings.warn(
/home/shivamguptanit/github/us-rl-portfolio/.venv/lib/python3.12/site-packages/sklearn/utils/validation.py:2691: UserWarning: X does not have valid feature names, but LGBMRegressor was fitted with feature names
  warnings.warn(
/home/shivamguptanit/github/us-rl-portfolio/.venv/lib/python3.12/site-packages/sklearn/utils/validation.py:2691: UserWarning: X does not have valid feature names, but LGBMRegressor was fitted with feature names
  warnings.warn(
/home/shivamguptanit/github/us-rl-portfolio/.venv/lib/python3.12/site-packages/sklearn/utils/validation.py:2691: UserWarning: X does not have valid feature names, but LGBMRegressor was fitted with feature names
  warnings.warn(
/home/shivamguptanit/github/us-rl-portfolio/.venv/lib/python3.12/site-packages/sklearn/utils/validation.py:2691: UserWarning: X does not have valid feature names, but LGBMRegressor was fitted with feature names
  warnings.warn(
/home/shivamguptanit/github/us-rl-portfolio/.venv/lib/python3.12/site-packages/sklearn/utils/validation.py:2691: UserWarning: X does not have valid feature names, but LGBMRegressor was fitted with feature names
  warnings.warn(
/home/shivamguptanit/github/us-rl-portfolio/.venv/lib/python3.12/site-packages/sklearn/utils/validation.py:2691: UserWarning: X does not have valid feature names, but LGBMRegressor was fitted with feature names
  warnings.warn(
/home/shivamguptanit/github/us-rl-portfolio/.venv/lib/python3.12/site-packages/sklearn/utils/validation.py:2691: UserWarning: X does not have valid feature names, but LGBMRegressor was fitted with feature names
  warnings.warn(
/home/shivamguptanit/github/us-rl-portfolio/.venv/lib/python3.12/site-packages/sklearn/utils/validation.py:2691: UserWarning: X does not have valid feature names, but LGBMRegressor was fitted with feature names
  warnings.warn(
/home/shivamguptanit/github/us-rl-portfolio/.venv/lib/python3.12/site-packages/sklearn/utils/validation.py:2691: UserWarning: X does not have valid feature names, but LGBMRegressor was fitted with feature names
  warnings.warn(
/home/shivamguptanit/github/us-rl-portfolio/.venv/lib/python3.12/site-packages/sklearn/utils/validation.py:2691: UserWarning: X does not have valid feature names, but LGBMRegressor was fitted with feature names
  warnings.warn(
/home/shivamguptanit/github/us-rl-portfolio/.venv/lib/python3.12/site-packages/sklearn/utils/validation.py:2691: UserWarning: X does not have valid feature names, but LGBMRegressor was fitted with feature names
  warnings.warn(
/home/shivamguptanit/github/us-rl-portfolio/.venv/lib/python3.12/site-packages/sklearn/utils/validation.py:2691: UserWarning: X does not have valid feature names, but LGBMRegressor was fitted with feature names
  warnings.warn(
/home/shivamguptanit/github/us-rl-portfolio/.venv/lib/python3.12/site-packages/sklearn/utils/validation.py:2691: UserWarning: X does not have valid feature names, but LGBMRegressor was fitted with feature names
  warnings.warn(
/home/shivamguptanit/github/us-rl-portfolio/.venv/lib/python3.12/site-packages/sklearn/utils/validation.py:2691: UserWarning: X does not have valid feature names, but LGBMRegressor was fitted with feature names
  warnings.warn(
/home/shivamguptanit/github/us-rl-portfolio/.venv/lib/python3.12/site-packages/sklearn/utils/validation.py:2691: UserWarning: X does not have valid feature names, but LGBMRegressor was fitted with feature names
  warnings.warn(
/home/shivamguptanit/github/us-rl-portfolio/.venv/lib/python3.12/site-packages/sklearn/utils/validation.py:2691: UserWarning: X does not have valid feature names, but LGBMRegressor was fitted with feature names
  warnings.warn(
/home/shivamguptanit/github/us-rl-portfolio/.venv/lib/python3.12/site-packages/sklearn/utils/validation.py:2691: UserWarning: X does not have valid feature names, but LGBMRegressor was fitted with feature names
  warnings.warn(
/home/shivamguptanit/github/us-rl-portfolio/.venv/lib/python3.12/site-packages/sklearn/utils/validation.py:2691: UserWarning: X does not have valid feature names, but LGBMRegressor was fitted with feature names
  warnings.warn(
/home/shivamguptanit/github/us-rl-portfolio/.venv/lib/python3.12/site-packages/sklearn/utils/validation.py:2691: UserWarning: X does not have valid feature names, but LGBMRegressor was fitted with feature names
  warnings.warn(
/home/shivamguptanit/github/us-rl-portfolio/.venv/lib/python3.12/site-packages/sklearn/utils/validation.py:2691: UserWarning: X does not have valid feature names, but LGBMRegressor was fitted with feature names
  warnings.warn(
/home/shivamguptanit/github/us-rl-portfolio/.venv/lib/python3.12/site-packages/sklearn/utils/validation.py:2691: UserWarning: X does not have valid feature names, but LGBMRegressor was fitted with feature names
  warnings.warn(
/home/shivamguptanit/github/us-rl-portfolio/.venv/lib/python3.12/site-packages/sklearn/utils/validation.py:2691: UserWarning: X does not have valid feature names, but LGBMRegressor was fitted with feature names
  warnings.warn(
/home/shivamguptanit/github/us-rl-portfolio/.venv/lib/python3.12/site-packages/sklearn/utils/validation.py:2691: UserWarning: X does not have valid feature names, but LGBMRegressor was fitted with feature names
  warnings.warn(
/home/shivamguptanit/github/us-rl-portfolio/.venv/lib/python3.12/site-packages/sklearn/utils/validation.py:2691: UserWarning: X does not have valid feature names, but LGBMRegressor was fitted with feature names
  warnings.warn(
/home/shivamguptanit/github/us-rl-portfolio/.venv/lib/python3.12/site-packages/sklearn/utils/validation.py:2691: UserWarning: X does not have valid feature names, but LGBMRegressor was fitted with feature names
  warnings.warn(
/home/shivamguptanit/github/us-rl-portfolio/.venv/lib/python3.12/site-packages/sklearn/utils/validation.py:2691: UserWarning: X does not have valid feature names, but LGBMRegressor was fitted with feature names
  warnings.warn(
/home/shivamguptanit/github/us-rl-portfolio/.venv/lib/python3.12/site-packages/sklearn/utils/validation.py:2691: UserWarning: X does not have valid feature names, but LGBMRegressor was fitted with feature names
  warnings.warn(
/home/shivamguptanit/github/us-rl-portfolio/.venv/lib/python3.12/site-packages/sklearn/utils/validation.py:2691: UserWarning: X does not have valid feature names, but LGBMRegressor was fitted with feature names
  warnings.warn(
/home/shivamguptanit/github/us-rl-portfolio/.venv/lib/python3.12/site-packages/sklearn/utils/validation.py:2691: UserWarning: X does not have valid feature names, but LGBMRegressor was fitted with feature names
  warnings.warn(
/home/shivamguptanit/github/us-rl-portfolio/.venv/lib/python3.12/site-packages/sklearn/utils/validation.py:2691: UserWarning: X does not have valid feature names, but LGBMRegressor was fitted with feature names
  warnings.warn(
/home/shivamguptanit/github/us-rl-portfolio/.venv/lib/python3.12/site-packages/sklearn/utils/validation.py:2691: UserWarning: X does not have valid feature names, but LGBMRegressor was fitted with feature names
  warnings.warn(
/home/shivamguptanit/github/us-rl-portfolio/.venv/lib/python3.12/site-packages/sklearn/utils/validation.py:2691: UserWarning: X does not have valid feature names, but LGBMRegressor was fitted with feature names
  warnings.warn(
/home/shivamguptanit/github/us-rl-portfolio/.venv/lib/python3.12/site-packages/sklearn/utils/validation.py:2691: UserWarning: X does not have valid feature names, but LGBMRegressor was fitted with feature names
  warnings.warn(
/home/shivamguptanit/github/us-rl-portfolio/.venv/lib/python3.12/site-packages/sklearn/utils/validation.py:2691: UserWarning: X does not have valid feature names, but LGBMRegressor was fitted with feature names
  warnings.warn(
/home/shivamguptanit/github/us-rl-portfolio/.venv/lib/python3.12/site-packages/sklearn/utils/validation.py:2691: UserWarning: X does not have valid feature names, but LGBMRegressor was fitted with feature names
  warnings.warn(
/home/shivamguptanit/github/us-rl-portfolio/.venv/lib/python3.12/site-packages/sklearn/utils/validation.py:2691: UserWarning: X does not have valid feature names, but LGBMRegressor was fitted with feature names
  warnings.warn(
/home/shivamguptanit/github/us-rl-portfolio/.venv/lib/python3.12/site-packages/sklearn/utils/validation.py:2691: UserWarning: X does not have valid feature names, but LGBMRegressor was fitted with feature names
  warnings.warn(
/home/shivamguptanit/github/us-rl-portfolio/.venv/lib/python3.12/site-packages/sklearn/utils/validation.py:2691: UserWarning: X does not have valid feature names, but LGBMRegressor was fitted with feature names
  warnings.warn(
/home/shivamguptanit/github/us-rl-portfolio/.venv/lib/python3.12/site-packages/sklearn/utils/validation.py:2691: UserWarning: X does not have valid feature names, but LGBMRegressor was fitted with feature names
  warnings.warn(
/home/shivamguptanit/github/us-rl-portfolio/.venv/lib/python3.12/site-packages/sklearn/utils/validation.py:2691: UserWarning: X does not have valid feature names, but LGBMRegressor was fitted with feature names
  warnings.warn(
2026-05-01 11:39:40,120 INFO     IC Sharpe=-0.1389 (52.6s)
2026-05-01 11:39:40,123 INFO Subset IC results saved.
2026-05-01 11:39:40,123 INFO Best subset: vol_score_standalone (IC Sharpe=1.6682)
2026-05-01 11:39:40,123 INFO === Phase 4: Model sanity comparison (32 LGBM threads) ===
2026-05-01 11:39:40,222 INFO   [1/5] vol_score_rank...
2026-05-01 11:39:44,931 INFO     IC Sharpe=1.6682 (4.7s)
2026-05-01 11:39:44,931 INFO   [2/5] simple_mean_rank (14 pos-IC features)...
2026-05-01 11:39:45,638 INFO     IC Sharpe=1.8559 (0.7s)
2026-05-01 11:39:45,638 INFO   [3/5] ridge_regressor (4 features)...
2026-05-01 11:39:56,384 INFO     IC Sharpe=1.5103 (10.7s)
2026-05-01 11:39:56,384 INFO   [4/5] lgbm_regressor (4 features)...
/home/shivamguptanit/github/us-rl-portfolio/.venv/lib/python3.12/site-packages/sklearn/utils/validation.py:2691: UserWarning: X does not have valid feature names, but LGBMRegressor was fitted with feature names
  warnings.warn(
/home/shivamguptanit/github/us-rl-portfolio/.venv/lib/python3.12/site-packages/sklearn/utils/validation.py:2691: UserWarning: X does not have valid feature names, but LGBMRegressor was fitted with feature names
  warnings.warn(
/home/shivamguptanit/github/us-rl-portfolio/.venv/lib/python3.12/site-packages/sklearn/utils/validation.py:2691: UserWarning: X does not have valid feature names, but LGBMRegressor was fitted with feature names
  warnings.warn(
/home/shivamguptanit/github/us-rl-portfolio/.venv/lib/python3.12/site-packages/sklearn/utils/validation.py:2691: UserWarning: X does not have valid feature names, but LGBMRegressor was fitted with feature names
  warnings.warn(
/home/shivamguptanit/github/us-rl-portfolio/.venv/lib/python3.12/site-packages/sklearn/utils/validation.py:2691: UserWarning: X does not have valid feature names, but LGBMRegressor was fitted with feature names
  warnings.warn(
/home/shivamguptanit/github/us-rl-portfolio/.venv/lib/python3.12/site-packages/sklearn/utils/validation.py:2691: UserWarning: X does not have valid feature names, but LGBMRegressor was fitted with feature names
  warnings.warn(
/home/shivamguptanit/github/us-rl-portfolio/.venv/lib/python3.12/site-packages/sklearn/utils/validation.py:2691: UserWarning: X does not have valid feature names, but LGBMRegressor was fitted with feature names
  warnings.warn(
/home/shivamguptanit/github/us-rl-portfolio/.venv/lib/python3.12/site-packages/sklearn/utils/validation.py:2691: UserWarning: X does not have valid feature names, but LGBMRegressor was fitted with feature names
  warnings.warn(
/home/shivamguptanit/github/us-rl-portfolio/.venv/lib/python3.12/site-packages/sklearn/utils/validation.py:2691: UserWarning: X does not have valid feature names, but LGBMRegressor was fitted with feature names
  warnings.warn(
/home/shivamguptanit/github/us-rl-portfolio/.venv/lib/python3.12/site-packages/sklearn/utils/validation.py:2691: UserWarning: X does not have valid feature names, but LGBMRegressor was fitted with feature names
  warnings.warn(
/home/shivamguptanit/github/us-rl-portfolio/.venv/lib/python3.12/site-packages/sklearn/utils/validation.py:2691: UserWarning: X does not have valid feature names, but LGBMRegressor was fitted with feature names
  warnings.warn(
/home/shivamguptanit/github/us-rl-portfolio/.venv/lib/python3.12/site-packages/sklearn/utils/validation.py:2691: UserWarning: X does not have valid feature names, but LGBMRegressor was fitted with feature names
  warnings.warn(
/home/shivamguptanit/github/us-rl-portfolio/.venv/lib/python3.12/site-packages/sklearn/utils/validation.py:2691: UserWarning: X does not have valid feature names, but LGBMRegressor was fitted with feature names
  warnings.warn(
/home/shivamguptanit/github/us-rl-portfolio/.venv/lib/python3.12/site-packages/sklearn/utils/validation.py:2691: UserWarning: X does not have valid feature names, but LGBMRegressor was fitted with feature names
  warnings.warn(
/home/shivamguptanit/github/us-rl-portfolio/.venv/lib/python3.12/site-packages/sklearn/utils/validation.py:2691: UserWarning: X does not have valid feature names, but LGBMRegressor was fitted with feature names
  warnings.warn(
/home/shivamguptanit/github/us-rl-portfolio/.venv/lib/python3.12/site-packages/sklearn/utils/validation.py:2691: UserWarning: X does not have valid feature names, but LGBMRegressor was fitted with feature names
  warnings.warn(
/home/shivamguptanit/github/us-rl-portfolio/.venv/lib/python3.12/site-packages/sklearn/utils/validation.py:2691: UserWarning: X does not have valid feature names, but LGBMRegressor was fitted with feature names
  warnings.warn(
/home/shivamguptanit/github/us-rl-portfolio/.venv/lib/python3.12/site-packages/sklearn/utils/validation.py:2691: UserWarning: X does not have valid feature names, but LGBMRegressor was fitted with feature names
  warnings.warn(
/home/shivamguptanit/github/us-rl-portfolio/.venv/lib/python3.12/site-packages/sklearn/utils/validation.py:2691: UserWarning: X does not have valid feature names, but LGBMRegressor was fitted with feature names
  warnings.warn(
/home/shivamguptanit/github/us-rl-portfolio/.venv/lib/python3.12/site-packages/sklearn/utils/validation.py:2691: UserWarning: X does not have valid feature names, but LGBMRegressor was fitted with feature names
  warnings.warn(
/home/shivamguptanit/github/us-rl-portfolio/.venv/lib/python3.12/site-packages/sklearn/utils/validation.py:2691: UserWarning: X does not have valid feature names, but LGBMRegressor was fitted with feature names
  warnings.warn(
/home/shivamguptanit/github/us-rl-portfolio/.venv/lib/python3.12/site-packages/sklearn/utils/validation.py:2691: UserWarning: X does not have valid feature names, but LGBMRegressor was fitted with feature names
  warnings.warn(
/home/shivamguptanit/github/us-rl-portfolio/.venv/lib/python3.12/site-packages/sklearn/utils/validation.py:2691: UserWarning: X does not have valid feature names, but LGBMRegressor was fitted with feature names
  warnings.warn(
/home/shivamguptanit/github/us-rl-portfolio/.venv/lib/python3.12/site-packages/sklearn/utils/validation.py:2691: UserWarning: X does not have valid feature names, but LGBMRegressor was fitted with feature names
  warnings.warn(
/home/shivamguptanit/github/us-rl-portfolio/.venv/lib/python3.12/site-packages/sklearn/utils/validation.py:2691: UserWarning: X does not have valid feature names, but LGBMRegressor was fitted with feature names
  warnings.warn(
/home/shivamguptanit/github/us-rl-portfolio/.venv/lib/python3.12/site-packages/sklearn/utils/validation.py:2691: UserWarning: X does not have valid feature names, but LGBMRegressor was fitted with feature names
  warnings.warn(
/home/shivamguptanit/github/us-rl-portfolio/.venv/lib/python3.12/site-packages/sklearn/utils/validation.py:2691: UserWarning: X does not have valid feature names, but LGBMRegressor was fitted with feature names
  warnings.warn(
/home/shivamguptanit/github/us-rl-portfolio/.venv/lib/python3.12/site-packages/sklearn/utils/validation.py:2691: UserWarning: X does not have valid feature names, but LGBMRegressor was fitted with feature names
  warnings.warn(
/home/shivamguptanit/github/us-rl-portfolio/.venv/lib/python3.12/site-packages/sklearn/utils/validation.py:2691: UserWarning: X does not have valid feature names, but LGBMRegressor was fitted with feature names
  warnings.warn(
/home/shivamguptanit/github/us-rl-portfolio/.venv/lib/python3.12/site-packages/sklearn/utils/validation.py:2691: UserWarning: X does not have valid feature names, but LGBMRegressor was fitted with feature names
  warnings.warn(
/home/shivamguptanit/github/us-rl-portfolio/.venv/lib/python3.12/site-packages/sklearn/utils/validation.py:2691: UserWarning: X does not have valid feature names, but LGBMRegressor was fitted with feature names
  warnings.warn(
/home/shivamguptanit/github/us-rl-portfolio/.venv/lib/python3.12/site-packages/sklearn/utils/validation.py:2691: UserWarning: X does not have valid feature names, but LGBMRegressor was fitted with feature names
  warnings.warn(
/home/shivamguptanit/github/us-rl-portfolio/.venv/lib/python3.12/site-packages/sklearn/utils/validation.py:2691: UserWarning: X does not have valid feature names, but LGBMRegressor was fitted with feature names
  warnings.warn(
/home/shivamguptanit/github/us-rl-portfolio/.venv/lib/python3.12/site-packages/sklearn/utils/validation.py:2691: UserWarning: X does not have valid feature names, but LGBMRegressor was fitted with feature names
  warnings.warn(
/home/shivamguptanit/github/us-rl-portfolio/.venv/lib/python3.12/site-packages/sklearn/utils/validation.py:2691: UserWarning: X does not have valid feature names, but LGBMRegressor was fitted with feature names
  warnings.warn(
/home/shivamguptanit/github/us-rl-portfolio/.venv/lib/python3.12/site-packages/sklearn/utils/validation.py:2691: UserWarning: X does not have valid feature names, but LGBMRegressor was fitted with feature names
  warnings.warn(
/home/shivamguptanit/github/us-rl-portfolio/.venv/lib/python3.12/site-packages/sklearn/utils/validation.py:2691: UserWarning: X does not have valid feature names, but LGBMRegressor was fitted with feature names
  warnings.warn(
/home/shivamguptanit/github/us-rl-portfolio/.venv/lib/python3.12/site-packages/sklearn/utils/validation.py:2691: UserWarning: X does not have valid feature names, but LGBMRegressor was fitted with feature names
  warnings.warn(
/home/shivamguptanit/github/us-rl-portfolio/.venv/lib/python3.12/site-packages/sklearn/utils/validation.py:2691: UserWarning: X does not have valid feature names, but LGBMRegressor was fitted with feature names
  warnings.warn(
/home/shivamguptanit/github/us-rl-portfolio/.venv/lib/python3.12/site-packages/sklearn/utils/validation.py:2691: UserWarning: X does not have valid feature names, but LGBMRegressor was fitted with feature names
  warnings.warn(
/home/shivamguptanit/github/us-rl-portfolio/.venv/lib/python3.12/site-packages/sklearn/utils/validation.py:2691: UserWarning: X does not have valid feature names, but LGBMRegressor was fitted with feature names
  warnings.warn(
/home/shivamguptanit/github/us-rl-portfolio/.venv/lib/python3.12/site-packages/sklearn/utils/validation.py:2691: UserWarning: X does not have valid feature names, but LGBMRegressor was fitted with feature names
  warnings.warn(
/home/shivamguptanit/github/us-rl-portfolio/.venv/lib/python3.12/site-packages/sklearn/utils/validation.py:2691: UserWarning: X does not have valid feature names, but LGBMRegressor was fitted with feature names
  warnings.warn(
/home/shivamguptanit/github/us-rl-portfolio/.venv/lib/python3.12/site-packages/sklearn/utils/validation.py:2691: UserWarning: X does not have valid feature names, but LGBMRegressor was fitted with feature names
  warnings.warn(
/home/shivamguptanit/github/us-rl-portfolio/.venv/lib/python3.12/site-packages/sklearn/utils/validation.py:2691: UserWarning: X does not have valid feature names, but LGBMRegressor was fitted with feature names
  warnings.warn(
/home/shivamguptanit/github/us-rl-portfolio/.venv/lib/python3.12/site-packages/sklearn/utils/validation.py:2691: UserWarning: X does not have valid feature names, but LGBMRegressor was fitted with feature names
  warnings.warn(
/home/shivamguptanit/github/us-rl-portfolio/.venv/lib/python3.12/site-packages/sklearn/utils/validation.py:2691: UserWarning: X does not have valid feature names, but LGBMRegressor was fitted with feature names
  warnings.warn(
/home/shivamguptanit/github/us-rl-portfolio/.venv/lib/python3.12/site-packages/sklearn/utils/validation.py:2691: UserWarning: X does not have valid feature names, but LGBMRegressor was fitted with feature names
  warnings.warn(
/home/shivamguptanit/github/us-rl-portfolio/.venv/lib/python3.12/site-packages/sklearn/utils/validation.py:2691: UserWarning: X does not have valid feature names, but LGBMRegressor was fitted with feature names
  warnings.warn(
/home/shivamguptanit/github/us-rl-portfolio/.venv/lib/python3.12/site-packages/sklearn/utils/validation.py:2691: UserWarning: X does not have valid feature names, but LGBMRegressor was fitted with feature names
  warnings.warn(
/home/shivamguptanit/github/us-rl-portfolio/.venv/lib/python3.12/site-packages/sklearn/utils/validation.py:2691: UserWarning: X does not have valid feature names, but LGBMRegressor was fitted with feature names
  warnings.warn(
/home/shivamguptanit/github/us-rl-portfolio/.venv/lib/python3.12/site-packages/sklearn/utils/validation.py:2691: UserWarning: X does not have valid feature names, but LGBMRegressor was fitted with feature names
  warnings.warn(
/home/shivamguptanit/github/us-rl-portfolio/.venv/lib/python3.12/site-packages/sklearn/utils/validation.py:2691: UserWarning: X does not have valid feature names, but LGBMRegressor was fitted with feature names
  warnings.warn(
/home/shivamguptanit/github/us-rl-portfolio/.venv/lib/python3.12/site-packages/sklearn/utils/validation.py:2691: UserWarning: X does not have valid feature names, but LGBMRegressor was fitted with feature names
  warnings.warn(
/home/shivamguptanit/github/us-rl-portfolio/.venv/lib/python3.12/site-packages/sklearn/utils/validation.py:2691: UserWarning: X does not have valid feature names, but LGBMRegressor was fitted with feature names
  warnings.warn(
/home/shivamguptanit/github/us-rl-portfolio/.venv/lib/python3.12/site-packages/sklearn/utils/validation.py:2691: UserWarning: X does not have valid feature names, but LGBMRegressor was fitted with feature names
  warnings.warn(
/home/shivamguptanit/github/us-rl-portfolio/.venv/lib/python3.12/site-packages/sklearn/utils/validation.py:2691: UserWarning: X does not have valid feature names, but LGBMRegressor was fitted with feature names
  warnings.warn(
/home/shivamguptanit/github/us-rl-portfolio/.venv/lib/python3.12/site-packages/sklearn/utils/validation.py:2691: UserWarning: X does not have valid feature names, but LGBMRegressor was fitted with feature names
  warnings.warn(
/home/shivamguptanit/github/us-rl-portfolio/.venv/lib/python3.12/site-packages/sklearn/utils/validation.py:2691: UserWarning: X does not have valid feature names, but LGBMRegressor was fitted with feature names
  warnings.warn(
/home/shivamguptanit/github/us-rl-portfolio/.venv/lib/python3.12/site-packages/sklearn/utils/validation.py:2691: UserWarning: X does not have valid feature names, but LGBMRegressor was fitted with feature names
  warnings.warn(
/home/shivamguptanit/github/us-rl-portfolio/.venv/lib/python3.12/site-packages/sklearn/utils/validation.py:2691: UserWarning: X does not have valid feature names, but LGBMRegressor was fitted with feature names
  warnings.warn(
/home/shivamguptanit/github/us-rl-portfolio/.venv/lib/python3.12/site-packages/sklearn/utils/validation.py:2691: UserWarning: X does not have valid feature names, but LGBMRegressor was fitted with feature names
  warnings.warn(
/home/shivamguptanit/github/us-rl-portfolio/.venv/lib/python3.12/site-packages/sklearn/utils/validation.py:2691: UserWarning: X does not have valid feature names, but LGBMRegressor was fitted with feature names
  warnings.warn(
/home/shivamguptanit/github/us-rl-portfolio/.venv/lib/python3.12/site-packages/sklearn/utils/validation.py:2691: UserWarning: X does not have valid feature names, but LGBMRegressor was fitted with feature names
  warnings.warn(
/home/shivamguptanit/github/us-rl-portfolio/.venv/lib/python3.12/site-packages/sklearn/utils/validation.py:2691: UserWarning: X does not have valid feature names, but LGBMRegressor was fitted with feature names
  warnings.warn(
/home/shivamguptanit/github/us-rl-portfolio/.venv/lib/python3.12/site-packages/sklearn/utils/validation.py:2691: UserWarning: X does not have valid feature names, but LGBMRegressor was fitted with feature names
  warnings.warn(
/home/shivamguptanit/github/us-rl-portfolio/.venv/lib/python3.12/site-packages/sklearn/utils/validation.py:2691: UserWarning: X does not have valid feature names, but LGBMRegressor was fitted with feature names
  warnings.warn(
/home/shivamguptanit/github/us-rl-portfolio/.venv/lib/python3.12/site-packages/sklearn/utils/validation.py:2691: UserWarning: X does not have valid feature names, but LGBMRegressor was fitted with feature names
  warnings.warn(
/home/shivamguptanit/github/us-rl-portfolio/.venv/lib/python3.12/site-packages/sklearn/utils/validation.py:2691: UserWarning: X does not have valid feature names, but LGBMRegressor was fitted with feature names
  warnings.warn(
/home/shivamguptanit/github/us-rl-portfolio/.venv/lib/python3.12/site-packages/sklearn/utils/validation.py:2691: UserWarning: X does not have valid feature names, but LGBMRegressor was fitted with feature names
  warnings.warn(
/home/shivamguptanit/github/us-rl-portfolio/.venv/lib/python3.12/site-packages/sklearn/utils/validation.py:2691: UserWarning: X does not have valid feature names, but LGBMRegressor was fitted with feature names
  warnings.warn(
/home/shivamguptanit/github/us-rl-portfolio/.venv/lib/python3.12/site-packages/sklearn/utils/validation.py:2691: UserWarning: X does not have valid feature names, but LGBMRegressor was fitted with feature names
  warnings.warn(
/home/shivamguptanit/github/us-rl-portfolio/.venv/lib/python3.12/site-packages/sklearn/utils/validation.py:2691: UserWarning: X does not have valid feature names, but LGBMRegressor was fitted with feature names
  warnings.warn(
/home/shivamguptanit/github/us-rl-portfolio/.venv/lib/python3.12/site-packages/sklearn/utils/validation.py:2691: UserWarning: X does not have valid feature names, but LGBMRegressor was fitted with feature names
  warnings.warn(
/home/shivamguptanit/github/us-rl-portfolio/.venv/lib/python3.12/site-packages/sklearn/utils/validation.py:2691: UserWarning: X does not have valid feature names, but LGBMRegressor was fitted with feature names
  warnings.warn(
/home/shivamguptanit/github/us-rl-portfolio/.venv/lib/python3.12/site-packages/sklearn/utils/validation.py:2691: UserWarning: X does not have valid feature names, but LGBMRegressor was fitted with feature names
  warnings.warn(
/home/shivamguptanit/github/us-rl-portfolio/.venv/lib/python3.12/site-packages/sklearn/utils/validation.py:2691: UserWarning: X does not have valid feature names, but LGBMRegressor was fitted with feature names
  warnings.warn(
/home/shivamguptanit/github/us-rl-portfolio/.venv/lib/python3.12/site-packages/sklearn/utils/validation.py:2691: UserWarning: X does not have valid feature names, but LGBMRegressor was fitted with feature names
  warnings.warn(
/home/shivamguptanit/github/us-rl-portfolio/.venv/lib/python3.12/site-packages/sklearn/utils/validation.py:2691: UserWarning: X does not have valid feature names, but LGBMRegressor was fitted with feature names
  warnings.warn(
/home/shivamguptanit/github/us-rl-portfolio/.venv/lib/python3.12/site-packages/sklearn/utils/validation.py:2691: UserWarning: X does not have valid feature names, but LGBMRegressor was fitted with feature names
  warnings.warn(
/home/shivamguptanit/github/us-rl-portfolio/.venv/lib/python3.12/site-packages/sklearn/utils/validation.py:2691: UserWarning: X does not have valid feature names, but LGBMRegressor was fitted with feature names
  warnings.warn(
/home/shivamguptanit/github/us-rl-portfolio/.venv/lib/python3.12/site-packages/sklearn/utils/validation.py:2691: UserWarning: X does not have valid feature names, but LGBMRegressor was fitted with feature names
  warnings.warn(
/home/shivamguptanit/github/us-rl-portfolio/.venv/lib/python3.12/site-packages/sklearn/utils/validation.py:2691: UserWarning: X does not have valid feature names, but LGBMRegressor was fitted with feature names
  warnings.warn(
/home/shivamguptanit/github/us-rl-portfolio/.venv/lib/python3.12/site-packages/sklearn/utils/validation.py:2691: UserWarning: X does not have valid feature names, but LGBMRegressor was fitted with feature names
  warnings.warn(
/home/shivamguptanit/github/us-rl-portfolio/.venv/lib/python3.12/site-packages/sklearn/utils/validation.py:2691: UserWarning: X does not have valid feature names, but LGBMRegressor was fitted with feature names
  warnings.warn(
/home/shivamguptanit/github/us-rl-portfolio/.venv/lib/python3.12/site-packages/sklearn/utils/validation.py:2691: UserWarning: X does not have valid feature names, but LGBMRegressor was fitted with feature names
  warnings.warn(
/home/shivamguptanit/github/us-rl-portfolio/.venv/lib/python3.12/site-packages/sklearn/utils/validation.py:2691: UserWarning: X does not have valid feature names, but LGBMRegressor was fitted with feature names
  warnings.warn(
/home/shivamguptanit/github/us-rl-portfolio/.venv/lib/python3.12/site-packages/sklearn/utils/validation.py:2691: UserWarning: X does not have valid feature names, but LGBMRegressor was fitted with feature names
  warnings.warn(
/home/shivamguptanit/github/us-rl-portfolio/.venv/lib/python3.12/site-packages/sklearn/utils/validation.py:2691: UserWarning: X does not have valid feature names, but LGBMRegressor was fitted with feature names
  warnings.warn(
/home/shivamguptanit/github/us-rl-portfolio/.venv/lib/python3.12/site-packages/sklearn/utils/validation.py:2691: UserWarning: X does not have valid feature names, but LGBMRegressor was fitted with feature names
  warnings.warn(
/home/shivamguptanit/github/us-rl-portfolio/.venv/lib/python3.12/site-packages/sklearn/utils/validation.py:2691: UserWarning: X does not have valid feature names, but LGBMRegressor was fitted with feature names
  warnings.warn(
/home/shivamguptanit/github/us-rl-portfolio/.venv/lib/python3.12/site-packages/sklearn/utils/validation.py:2691: UserWarning: X does not have valid feature names, but LGBMRegressor was fitted with feature names
  warnings.warn(
/home/shivamguptanit/github/us-rl-portfolio/.venv/lib/python3.12/site-packages/sklearn/utils/validation.py:2691: UserWarning: X does not have valid feature names, but LGBMRegressor was fitted with feature names
  warnings.warn(
/home/shivamguptanit/github/us-rl-portfolio/.venv/lib/python3.12/site-packages/sklearn/utils/validation.py:2691: UserWarning: X does not have valid feature names, but LGBMRegressor was fitted with feature names
  warnings.warn(
/home/shivamguptanit/github/us-rl-portfolio/.venv/lib/python3.12/site-packages/sklearn/utils/validation.py:2691: UserWarning: X does not have valid feature names, but LGBMRegressor was fitted with feature names
  warnings.warn(
2026-05-01 11:40:37,002 INFO     IC Sharpe=1.1960 (40.6s)
2026-05-01 11:40:37,003 INFO   [5/5] lgbm_ranker (4 features)...
/home/shivamguptanit/github/us-rl-portfolio/.venv/lib/python3.12/site-packages/sklearn/utils/validation.py:2691: UserWarning: X does not have valid feature names, but LGBMRanker was fitted with feature names
  warnings.warn(
/home/shivamguptanit/github/us-rl-portfolio/.venv/lib/python3.12/site-packages/sklearn/utils/validation.py:2691: UserWarning: X does not have valid feature names, but LGBMRanker was fitted with feature names
  warnings.warn(
/home/shivamguptanit/github/us-rl-portfolio/.venv/lib/python3.12/site-packages/sklearn/utils/validation.py:2691: UserWarning: X does not have valid feature names, but LGBMRanker was fitted with feature names
  warnings.warn(
/home/shivamguptanit/github/us-rl-portfolio/.venv/lib/python3.12/site-packages/sklearn/utils/validation.py:2691: UserWarning: X does not have valid feature names, but LGBMRanker was fitted with feature names
  warnings.warn(
/home/shivamguptanit/github/us-rl-portfolio/.venv/lib/python3.12/site-packages/sklearn/utils/validation.py:2691: UserWarning: X does not have valid feature names, but LGBMRanker was fitted with feature names
  warnings.warn(
/home/shivamguptanit/github/us-rl-portfolio/.venv/lib/python3.12/site-packages/sklearn/utils/validation.py:2691: UserWarning: X does not have valid feature names, but LGBMRanker was fitted with feature names
  warnings.warn(
/home/shivamguptanit/github/us-rl-portfolio/.venv/lib/python3.12/site-packages/sklearn/utils/validation.py:2691: UserWarning: X does not have valid feature names, but LGBMRanker was fitted with feature names
  warnings.warn(
/home/shivamguptanit/github/us-rl-portfolio/.venv/lib/python3.12/site-packages/sklearn/utils/validation.py:2691: UserWarning: X does not have valid feature names, but LGBMRanker was fitted with feature names
  warnings.warn(
/home/shivamguptanit/github/us-rl-portfolio/.venv/lib/python3.12/site-packages/sklearn/utils/validation.py:2691: UserWarning: X does not have valid feature names, but LGBMRanker was fitted with feature names
  warnings.warn(
/home/shivamguptanit/github/us-rl-portfolio/.venv/lib/python3.12/site-packages/sklearn/utils/validation.py:2691: UserWarning: X does not have valid feature names, but LGBMRanker was fitted with feature names
  warnings.warn(
/home/shivamguptanit/github/us-rl-portfolio/.venv/lib/python3.12/site-packages/sklearn/utils/validation.py:2691: UserWarning: X does not have valid feature names, but LGBMRanker was fitted with feature names
  warnings.warn(
/home/shivamguptanit/github/us-rl-portfolio/.venv/lib/python3.12/site-packages/sklearn/utils/validation.py:2691: UserWarning: X does not have valid feature names, but LGBMRanker was fitted with feature names
  warnings.warn(
/home/shivamguptanit/github/us-rl-portfolio/.venv/lib/python3.12/site-packages/sklearn/utils/validation.py:2691: UserWarning: X does not have valid feature names, but LGBMRanker was fitted with feature names
  warnings.warn(
/home/shivamguptanit/github/us-rl-portfolio/.venv/lib/python3.12/site-packages/sklearn/utils/validation.py:2691: UserWarning: X does not have valid feature names, but LGBMRanker was fitted with feature names
  warnings.warn(
/home/shivamguptanit/github/us-rl-portfolio/.venv/lib/python3.12/site-packages/sklearn/utils/validation.py:2691: UserWarning: X does not have valid feature names, but LGBMRanker was fitted with feature names
  warnings.warn(
/home/shivamguptanit/github/us-rl-portfolio/.venv/lib/python3.12/site-packages/sklearn/utils/validation.py:2691: UserWarning: X does not have valid feature names, but LGBMRanker was fitted with feature names
  warnings.warn(
/home/shivamguptanit/github/us-rl-portfolio/.venv/lib/python3.12/site-packages/sklearn/utils/validation.py:2691: UserWarning: X does not have valid feature names, but LGBMRanker was fitted with feature names
  warnings.warn(
/home/shivamguptanit/github/us-rl-portfolio/.venv/lib/python3.12/site-packages/sklearn/utils/validation.py:2691: UserWarning: X does not have valid feature names, but LGBMRanker was fitted with feature names
  warnings.warn(
/home/shivamguptanit/github/us-rl-portfolio/.venv/lib/python3.12/site-packages/sklearn/utils/validation.py:2691: UserWarning: X does not have valid feature names, but LGBMRanker was fitted with feature names
  warnings.warn(
/home/shivamguptanit/github/us-rl-portfolio/.venv/lib/python3.12/site-packages/sklearn/utils/validation.py:2691: UserWarning: X does not have valid feature names, but LGBMRanker was fitted with feature names
  warnings.warn(
/home/shivamguptanit/github/us-rl-portfolio/.venv/lib/python3.12/site-packages/sklearn/utils/validation.py:2691: UserWarning: X does not have valid feature names, but LGBMRanker was fitted with feature names
  warnings.warn(
/home/shivamguptanit/github/us-rl-portfolio/.venv/lib/python3.12/site-packages/sklearn/utils/validation.py:2691: UserWarning: X does not have valid feature names, but LGBMRanker was fitted with feature names
  warnings.warn(
/home/shivamguptanit/github/us-rl-portfolio/.venv/lib/python3.12/site-packages/sklearn/utils/validation.py:2691: UserWarning: X does not have valid feature names, but LGBMRanker was fitted with feature names
  warnings.warn(
/home/shivamguptanit/github/us-rl-portfolio/.venv/lib/python3.12/site-packages/sklearn/utils/validation.py:2691: UserWarning: X does not have valid feature names, but LGBMRanker was fitted with feature names
  warnings.warn(
/home/shivamguptanit/github/us-rl-portfolio/.venv/lib/python3.12/site-packages/sklearn/utils/validation.py:2691: UserWarning: X does not have valid feature names, but LGBMRanker was fitted with feature names
  warnings.warn(
/home/shivamguptanit/github/us-rl-portfolio/.venv/lib/python3.12/site-packages/sklearn/utils/validation.py:2691: UserWarning: X does not have valid feature names, but LGBMRanker was fitted with feature names
  warnings.warn(
/home/shivamguptanit/github/us-rl-portfolio/.venv/lib/python3.12/site-packages/sklearn/utils/validation.py:2691: UserWarning: X does not have valid feature names, but LGBMRanker was fitted with feature names
  warnings.warn(
/home/shivamguptanit/github/us-rl-portfolio/.venv/lib/python3.12/site-packages/sklearn/utils/validation.py:2691: UserWarning: X does not have valid feature names, but LGBMRanker was fitted with feature names
  warnings.warn(
/home/shivamguptanit/github/us-rl-portfolio/.venv/lib/python3.12/site-packages/sklearn/utils/validation.py:2691: UserWarning: X does not have valid feature names, but LGBMRanker was fitted with feature names
  warnings.warn(
/home/shivamguptanit/github/us-rl-portfolio/.venv/lib/python3.12/site-packages/sklearn/utils/validation.py:2691: UserWarning: X does not have valid feature names, but LGBMRanker was fitted with feature names
  warnings.warn(
/home/shivamguptanit/github/us-rl-portfolio/.venv/lib/python3.12/site-packages/sklearn/utils/validation.py:2691: UserWarning: X does not have valid feature names, but LGBMRanker was fitted with feature names
  warnings.warn(
/home/shivamguptanit/github/us-rl-portfolio/.venv/lib/python3.12/site-packages/sklearn/utils/validation.py:2691: UserWarning: X does not have valid feature names, but LGBMRanker was fitted with feature names
  warnings.warn(
/home/shivamguptanit/github/us-rl-portfolio/.venv/lib/python3.12/site-packages/sklearn/utils/validation.py:2691: UserWarning: X does not have valid feature names, but LGBMRanker was fitted with feature names
  warnings.warn(
/home/shivamguptanit/github/us-rl-portfolio/.venv/lib/python3.12/site-packages/sklearn/utils/validation.py:2691: UserWarning: X does not have valid feature names, but LGBMRanker was fitted with feature names
  warnings.warn(
/home/shivamguptanit/github/us-rl-portfolio/.venv/lib/python3.12/site-packages/sklearn/utils/validation.py:2691: UserWarning: X does not have valid feature names, but LGBMRanker was fitted with feature names
  warnings.warn(
/home/shivamguptanit/github/us-rl-portfolio/.venv/lib/python3.12/site-packages/sklearn/utils/validation.py:2691: UserWarning: X does not have valid feature names, but LGBMRanker was fitted with feature names
  warnings.warn(
/home/shivamguptanit/github/us-rl-portfolio/.venv/lib/python3.12/site-packages/sklearn/utils/validation.py:2691: UserWarning: X does not have valid feature names, but LGBMRanker was fitted with feature names
  warnings.warn(
/home/shivamguptanit/github/us-rl-portfolio/.venv/lib/python3.12/site-packages/sklearn/utils/validation.py:2691: UserWarning: X does not have valid feature names, but LGBMRanker was fitted with feature names
  warnings.warn(
/home/shivamguptanit/github/us-rl-portfolio/.venv/lib/python3.12/site-packages/sklearn/utils/validation.py:2691: UserWarning: X does not have valid feature names, but LGBMRanker was fitted with feature names
  warnings.warn(
/home/shivamguptanit/github/us-rl-portfolio/.venv/lib/python3.12/site-packages/sklearn/utils/validation.py:2691: UserWarning: X does not have valid feature names, but LGBMRanker was fitted with feature names
  warnings.warn(
/home/shivamguptanit/github/us-rl-portfolio/.venv/lib/python3.12/site-packages/sklearn/utils/validation.py:2691: UserWarning: X does not have valid feature names, but LGBMRanker was fitted with feature names
  warnings.warn(
/home/shivamguptanit/github/us-rl-portfolio/.venv/lib/python3.12/site-packages/sklearn/utils/validation.py:2691: UserWarning: X does not have valid feature names, but LGBMRanker was fitted with feature names
  warnings.warn(
/home/shivamguptanit/github/us-rl-portfolio/.venv/lib/python3.12/site-packages/sklearn/utils/validation.py:2691: UserWarning: X does not have valid feature names, but LGBMRanker was fitted with feature names
  warnings.warn(
/home/shivamguptanit/github/us-rl-portfolio/.venv/lib/python3.12/site-packages/sklearn/utils/validation.py:2691: UserWarning: X does not have valid feature names, but LGBMRanker was fitted with feature names
  warnings.warn(
/home/shivamguptanit/github/us-rl-portfolio/.venv/lib/python3.12/site-packages/sklearn/utils/validation.py:2691: UserWarning: X does not have valid feature names, but LGBMRanker was fitted with feature names
  warnings.warn(
/home/shivamguptanit/github/us-rl-portfolio/.venv/lib/python3.12/site-packages/sklearn/utils/validation.py:2691: UserWarning: X does not have valid feature names, but LGBMRanker was fitted with feature names
  warnings.warn(
/home/shivamguptanit/github/us-rl-portfolio/.venv/lib/python3.12/site-packages/sklearn/utils/validation.py:2691: UserWarning: X does not have valid feature names, but LGBMRanker was fitted with feature names
  warnings.warn(
/home/shivamguptanit/github/us-rl-portfolio/.venv/lib/python3.12/site-packages/sklearn/utils/validation.py:2691: UserWarning: X does not have valid feature names, but LGBMRanker was fitted with feature names
  warnings.warn(
/home/shivamguptanit/github/us-rl-portfolio/.venv/lib/python3.12/site-packages/sklearn/utils/validation.py:2691: UserWarning: X does not have valid feature names, but LGBMRanker was fitted with feature names
  warnings.warn(
/home/shivamguptanit/github/us-rl-portfolio/.venv/lib/python3.12/site-packages/sklearn/utils/validation.py:2691: UserWarning: X does not have valid feature names, but LGBMRanker was fitted with feature names
  warnings.warn(
/home/shivamguptanit/github/us-rl-portfolio/.venv/lib/python3.12/site-packages/sklearn/utils/validation.py:2691: UserWarning: X does not have valid feature names, but LGBMRanker was fitted with feature names
  warnings.warn(
/home/shivamguptanit/github/us-rl-portfolio/.venv/lib/python3.12/site-packages/sklearn/utils/validation.py:2691: UserWarning: X does not have valid feature names, but LGBMRanker was fitted with feature names
  warnings.warn(
/home/shivamguptanit/github/us-rl-portfolio/.venv/lib/python3.12/site-packages/sklearn/utils/validation.py:2691: UserWarning: X does not have valid feature names, but LGBMRanker was fitted with feature names
  warnings.warn(
/home/shivamguptanit/github/us-rl-portfolio/.venv/lib/python3.12/site-packages/sklearn/utils/validation.py:2691: UserWarning: X does not have valid feature names, but LGBMRanker was fitted with feature names
  warnings.warn(
/home/shivamguptanit/github/us-rl-portfolio/.venv/lib/python3.12/site-packages/sklearn/utils/validation.py:2691: UserWarning: X does not have valid feature names, but LGBMRanker was fitted with feature names
  warnings.warn(
/home/shivamguptanit/github/us-rl-portfolio/.venv/lib/python3.12/site-packages/sklearn/utils/validation.py:2691: UserWarning: X does not have valid feature names, but LGBMRanker was fitted with feature names
  warnings.warn(
/home/shivamguptanit/github/us-rl-portfolio/.venv/lib/python3.12/site-packages/sklearn/utils/validation.py:2691: UserWarning: X does not have valid feature names, but LGBMRanker was fitted with feature names
  warnings.warn(
/home/shivamguptanit/github/us-rl-portfolio/.venv/lib/python3.12/site-packages/sklearn/utils/validation.py:2691: UserWarning: X does not have valid feature names, but LGBMRanker was fitted with feature names
  warnings.warn(
/home/shivamguptanit/github/us-rl-portfolio/.venv/lib/python3.12/site-packages/sklearn/utils/validation.py:2691: UserWarning: X does not have valid feature names, but LGBMRanker was fitted with feature names
  warnings.warn(
/home/shivamguptanit/github/us-rl-portfolio/.venv/lib/python3.12/site-packages/sklearn/utils/validation.py:2691: UserWarning: X does not have valid feature names, but LGBMRanker was fitted with feature names
  warnings.warn(
/home/shivamguptanit/github/us-rl-portfolio/.venv/lib/python3.12/site-packages/sklearn/utils/validation.py:2691: UserWarning: X does not have valid feature names, but LGBMRanker was fitted with feature names
  warnings.warn(
/home/shivamguptanit/github/us-rl-portfolio/.venv/lib/python3.12/site-packages/sklearn/utils/validation.py:2691: UserWarning: X does not have valid feature names, but LGBMRanker was fitted with feature names
  warnings.warn(
/home/shivamguptanit/github/us-rl-portfolio/.venv/lib/python3.12/site-packages/sklearn/utils/validation.py:2691: UserWarning: X does not have valid feature names, but LGBMRanker was fitted with feature names
  warnings.warn(
/home/shivamguptanit/github/us-rl-portfolio/.venv/lib/python3.12/site-packages/sklearn/utils/validation.py:2691: UserWarning: X does not have valid feature names, but LGBMRanker was fitted with feature names
  warnings.warn(
/home/shivamguptanit/github/us-rl-portfolio/.venv/lib/python3.12/site-packages/sklearn/utils/validation.py:2691: UserWarning: X does not have valid feature names, but LGBMRanker was fitted with feature names
  warnings.warn(
/home/shivamguptanit/github/us-rl-portfolio/.venv/lib/python3.12/site-packages/sklearn/utils/validation.py:2691: UserWarning: X does not have valid feature names, but LGBMRanker was fitted with feature names
  warnings.warn(
/home/shivamguptanit/github/us-rl-portfolio/.venv/lib/python3.12/site-packages/sklearn/utils/validation.py:2691: UserWarning: X does not have valid feature names, but LGBMRanker was fitted with feature names
  warnings.warn(
/home/shivamguptanit/github/us-rl-portfolio/.venv/lib/python3.12/site-packages/sklearn/utils/validation.py:2691: UserWarning: X does not have valid feature names, but LGBMRanker was fitted with feature names
  warnings.warn(
/home/shivamguptanit/github/us-rl-portfolio/.venv/lib/python3.12/site-packages/sklearn/utils/validation.py:2691: UserWarning: X does not have valid feature names, but LGBMRanker was fitted with feature names
  warnings.warn(
/home/shivamguptanit/github/us-rl-portfolio/.venv/lib/python3.12/site-packages/sklearn/utils/validation.py:2691: UserWarning: X does not have valid feature names, but LGBMRanker was fitted with feature names
  warnings.warn(
/home/shivamguptanit/github/us-rl-portfolio/.venv/lib/python3.12/site-packages/sklearn/utils/validation.py:2691: UserWarning: X does not have valid feature names, but LGBMRanker was fitted with feature names
  warnings.warn(
/home/shivamguptanit/github/us-rl-portfolio/.venv/lib/python3.12/site-packages/sklearn/utils/validation.py:2691: UserWarning: X does not have valid feature names, but LGBMRanker was fitted with feature names
  warnings.warn(
/home/shivamguptanit/github/us-rl-portfolio/.venv/lib/python3.12/site-packages/sklearn/utils/validation.py:2691: UserWarning: X does not have valid feature names, but LGBMRanker was fitted with feature names
  warnings.warn(
/home/shivamguptanit/github/us-rl-portfolio/.venv/lib/python3.12/site-packages/sklearn/utils/validation.py:2691: UserWarning: X does not have valid feature names, but LGBMRanker was fitted with feature names
  warnings.warn(
/home/shivamguptanit/github/us-rl-portfolio/.venv/lib/python3.12/site-packages/sklearn/utils/validation.py:2691: UserWarning: X does not have valid feature names, but LGBMRanker was fitted with feature names
  warnings.warn(
/home/shivamguptanit/github/us-rl-portfolio/.venv/lib/python3.12/site-packages/sklearn/utils/validation.py:2691: UserWarning: X does not have valid feature names, but LGBMRanker was fitted with feature names
  warnings.warn(
/home/shivamguptanit/github/us-rl-portfolio/.venv/lib/python3.12/site-packages/sklearn/utils/validation.py:2691: UserWarning: X does not have valid feature names, but LGBMRanker was fitted with feature names
  warnings.warn(
/home/shivamguptanit/github/us-rl-portfolio/.venv/lib/python3.12/site-packages/sklearn/utils/validation.py:2691: UserWarning: X does not have valid feature names, but LGBMRanker was fitted with feature names
  warnings.warn(
/home/shivamguptanit/github/us-rl-portfolio/.venv/lib/python3.12/site-packages/sklearn/utils/validation.py:2691: UserWarning: X does not have valid feature names, but LGBMRanker was fitted with feature names
  warnings.warn(
/home/shivamguptanit/github/us-rl-portfolio/.venv/lib/python3.12/site-packages/sklearn/utils/validation.py:2691: UserWarning: X does not have valid feature names, but LGBMRanker was fitted with feature names
  warnings.warn(
/home/shivamguptanit/github/us-rl-portfolio/.venv/lib/python3.12/site-packages/sklearn/utils/validation.py:2691: UserWarning: X does not have valid feature names, but LGBMRanker was fitted with feature names
  warnings.warn(
/home/shivamguptanit/github/us-rl-portfolio/.venv/lib/python3.12/site-packages/sklearn/utils/validation.py:2691: UserWarning: X does not have valid feature names, but LGBMRanker was fitted with feature names
  warnings.warn(
/home/shivamguptanit/github/us-rl-portfolio/.venv/lib/python3.12/site-packages/sklearn/utils/validation.py:2691: UserWarning: X does not have valid feature names, but LGBMRanker was fitted with feature names
  warnings.warn(
/home/shivamguptanit/github/us-rl-portfolio/.venv/lib/python3.12/site-packages/sklearn/utils/validation.py:2691: UserWarning: X does not have valid feature names, but LGBMRanker was fitted with feature names
  warnings.warn(
/home/shivamguptanit/github/us-rl-portfolio/.venv/lib/python3.12/site-packages/sklearn/utils/validation.py:2691: UserWarning: X does not have valid feature names, but LGBMRanker was fitted with feature names
  warnings.warn(
/home/shivamguptanit/github/us-rl-portfolio/.venv/lib/python3.12/site-packages/sklearn/utils/validation.py:2691: UserWarning: X does not have valid feature names, but LGBMRanker was fitted with feature names
  warnings.warn(
/home/shivamguptanit/github/us-rl-portfolio/.venv/lib/python3.12/site-packages/sklearn/utils/validation.py:2691: UserWarning: X does not have valid feature names, but LGBMRanker was fitted with feature names
  warnings.warn(
/home/shivamguptanit/github/us-rl-portfolio/.venv/lib/python3.12/site-packages/sklearn/utils/validation.py:2691: UserWarning: X does not have valid feature names, but LGBMRanker was fitted with feature names
  warnings.warn(
/home/shivamguptanit/github/us-rl-portfolio/.venv/lib/python3.12/site-packages/sklearn/utils/validation.py:2691: UserWarning: X does not have valid feature names, but LGBMRanker was fitted with feature names
  warnings.warn(
/home/shivamguptanit/github/us-rl-portfolio/.venv/lib/python3.12/site-packages/sklearn/utils/validation.py:2691: UserWarning: X does not have valid feature names, but LGBMRanker was fitted with feature names
  warnings.warn(
/home/shivamguptanit/github/us-rl-portfolio/.venv/lib/python3.12/site-packages/sklearn/utils/validation.py:2691: UserWarning: X does not have valid feature names, but LGBMRanker was fitted with feature names
  warnings.warn(
/home/shivamguptanit/github/us-rl-portfolio/.venv/lib/python3.12/site-packages/sklearn/utils/validation.py:2691: UserWarning: X does not have valid feature names, but LGBMRanker was fitted with feature names
  warnings.warn(
/home/shivamguptanit/github/us-rl-portfolio/.venv/lib/python3.12/site-packages/sklearn/utils/validation.py:2691: UserWarning: X does not have valid feature names, but LGBMRanker was fitted with feature names
  warnings.warn(
/home/shivamguptanit/github/us-rl-portfolio/.venv/lib/python3.12/site-packages/sklearn/utils/validation.py:2691: UserWarning: X does not have valid feature names, but LGBMRanker was fitted with feature names
  warnings.warn(
/home/shivamguptanit/github/us-rl-portfolio/.venv/lib/python3.12/site-packages/sklearn/utils/validation.py:2691: UserWarning: X does not have valid feature names, but LGBMRanker was fitted with feature names
  warnings.warn(
2026-05-01 11:41:45,491 INFO     IC Sharpe=1.6595 (68.5s)
2026-05-01 11:41:45,494 INFO Model comparison saved.
2026-05-01 11:41:45,494 INFO Best subset is vol_score_standalone (no model) — portfolio validation skipped in favour of existing B.5 result.
2026-05-01 11:41:45,494 INFO Phase C.2 verdict: POSITIVE IC FOUND — proceed to C.3 (subset=vol_score_standalone, IC Sharpe=1.6682)
2026-05-01 11:41:45,504 INFO Report saved to artifacts/reports/phase_c2_feature_attribution.md
2026-05-01 11:41:45,504 INFO Phase C.2 complete — POSITIVE IC FOUND — proceed to C.3
