universe,benchmark,cagr,sharpe,max_dd,volatility
sp100_sample,spy_buy_hold,0.11136988890088806,0.5606829667007001,-0.5187377367045919,0.19863255264599247
sp100_sample,equal_weight_universe_daily,0.16192029845614075,0.8298670267499215,-0.4318043602887731,0.19511595621563965
sp500_dynamic,spy_buy_hold,0.11136988890088806,0.5606829667007001,-0.5187377367045919,0.19863255264599247
sp500_dynamic,equal_weight_universe_daily,0.16475616436050933,0.7783994036245333,-0.49116049786246474,0.21166018832149655
