step_label,train_sharpe_approx,val_sharpe,best_val_sharpe,patience_counter
step=500,,1.3214554890914099,-inf,0
step=1000,,1.3321002954491743,1.3214554890914099,0
step=1500,,1.3440597418064806,1.3321002954491743,0
step=2000,,1.32114449443436,1.3440597418064806,0
