universe,variant,cagr,sharpe,max_dd
sp100_sample,spy_buy_hold,0.11144632660048526,0.5608854060492096,-0.5187377367045919
sp100_sample,equal_weight_universe_daily,0.1620338781084798,0.830179574521921,-0.4318043602887731
sp500_dynamic,spy_buy_hold,0.11144632660048526,0.5608854060492096,-0.5187377367045919
sp500_dynamic,equal_weight_universe_daily,0.1648718707264818,0.7786931483203835,-0.49116049786246474
