Experiment,CAGR,Sharpe,MaxDD,Volatility
Alpha_Top50_EW,0.1531208112019482,0.6180929090748113,-0.6204137924068794,0.2477310594472701
