{
    "universe": "sp500_dynamic",
    "n_tickers": 503,
    "retrain_frequency": 3,
    "n_estimators": 50,
    "train_calls": 77,
    "avg_train_seconds": 11.954,
    "total_train_seconds": 920.5,
    "ic_mean": 0.005589,
    "ic_std": 0.130238,
    "cagr": 0.1531208112019482,
    "sharpe": 0.6180929090748113,
    "max_drawdown": -0.6204137924068794,
    "avg_turnover": 0.5145
}